seed,wind_speed_mean,start_x,start_y,class
0,1.0888827015493439,432,197,Low Wind
1,4.467718003442118,68,291,Strong Wind
2,1.5290359500558943,441,28,Moderate Wind
3,3.1942680254526112,121,303,Moderate Wind
4,0.5086995820885685,120,155,Low Wind
5,3.9775005465144573,318,130,Strong Wind
6,6.2405533431648745,406,293,Strong Wind
7,0.5351197858238312,165,77,Low Wind
8,0.5762767695664291,116,189,Low Wind
9,1.2128565927144213,237,313,Low Wind
10,4.998008921552659,292,16,Strong Wind
11,0.9708800167143291,231,286,Low Wind
12,1.1303450315728967,242,137,Low Wind
13,0.3507126052790238,132,148,Low Wind
14,6.20005148038927,54,315,Strong Wind
15,1.1619779749084655,106,5,Low Wind
16,0.3778624801231352,185,240,Low Wind
17,3.877835791869262,267,212,Strong Wind
18,1.568524685162634,92,62,Moderate Wind
19,3.938174531188457,346,22,Strong Wind
20,6.230753024553617,370,351,Strong Wind
21,1.6077499150101653,84,214,Moderate Wind
22,0.6855853432164832,71,124,Low Wind
23,2.8720034848886655,399,148,Moderate Wind
24,4.908227733907583,364,196,Strong Wind
25,0.9847149712648094,193,7,Low Wind
26,3.0140598110300965,382,103,Moderate Wind
27,5.512092060629752,332,245,Strong Wind
28,1.6467509418282373,57,66,Moderate Wind
29,4.525697150191139,280,38,Strong Wind
30,3.5114021676695644,276,148,Moderate Wind
31,2.565081167985479,6,240,Moderate Wind
32,0.4495222747382639,39,109,Low Wind
33,3.8931099332267616,292,85,Strong Wind
34,4.417794872539556,270,182,Strong Wind
35,4.4649398135943565,280,171,Strong Wind
36,0.21663689149408427,168,29,Low Wind
37,5.288009533416755,349,311,Strong Wind
38,5.5503084768677855,327,215,Strong Wind
39,0.5135258466611351,107,132,Low Wind
40,1.1358686309061654,234,296,Low Wind
41,0.972481779430259,195,170,Low Wind
42,4.201681329605895,327,57,Strong Wind
43,2.9219468813794855,19,146,Moderate Wind
44,0.8465655675953363,209,266,Low Wind
45,0.6157636417499153,139,213,Low Wind
46,3.303342906769119,39,204,Moderate Wind
47,0.2735069235125397,180,32,Low Wind
48,4.1260043386773315,280,161,Strong Wind
49,3.8891700261285944,34,176,Strong Wind
50,2.129954485235405,254,136,Moderate Wind
51,0.9682194687193487,124,257,Low Wind
52,0.7797991886493995,137,27,Low Wind
53,3.6352812751830266,315,110,Moderate Wind
54,2.925626142242951,70,224,Moderate Wind
55,0.5015683637453705,46,100,Low Wind
56,6.025308789267603,434,286,Strong Wind
57,4.0027746760571965,21,188,Strong Wind
58,3.437575823881994,297,100,Moderate Wind
59,1.335692240530819,114,43,Low Wind
60,0.9338333509298125,157,145,Low Wind
61,3.3988261946670035,253,93,Moderate Wind
62,3.823875105975485,294,88,Strong Wind
63,2.8387059513481705,227,227,Moderate Wind
64,4.4421349215428245,243,63,Strong Wind
65,0.7406430613938764,212,147,Low Wind
66,2.0008801507037384,36,159,Moderate Wind
67,1.5007705121068984,38,59,Moderate Wind
68,5.279978838695533,379,238,Strong Wind
69,3.781379550584603,350,19,Strong Wind
70,0.7351631168193751,60,150,Low Wind
71,0.6836577807658477,165,260,Low Wind
72,5.198300974116019,37,304,Strong Wind
73,0.4357455292595182,143,62,Low Wind
74,5.660303620596876,440,312,Strong Wind
75,1.0991859244706494,230,299,Low Wind
76,0.37040601825803504,189,237,Low Wind
77,2.6187531281429166,409,129,Moderate Wind
78,1.963352834824915,417,96,Moderate Wind
79,2.744498680064355,74,224,Moderate Wind
80,0.6148405581326254,139,201,Low Wind
81,4.550817351062636,259,232,Strong Wind
82,3.21606580814487,74,250,Moderate Wind
83,4.3550757122497465,254,235,Strong Wind
84,3.7074937929499647,374,145,Moderate Wind
85,4.7277249665575525,102,314,Strong Wind
86,2.224882875419707,405,15,Moderate Wind
87,0.6562681591249114,74,96,Low Wind
88,0.7609942400024515,203,97,Low Wind
89,5.399671737095191,41,310,Strong Wind
90,1.9671836678123538,104,47,Moderate Wind
91,5.163284412316992,42,302,Strong Wind
92,1.0091606342623751,215,264,Low Wind
93,5.043778888766243,434,253,Strong Wind
94,3.4283639840637328,279,93,Moderate Wind
95,5.058129666070742,389,272,Strong Wind
96,0.8777203190941291,189,161,Low Wind
97,1.0603091943259724,99,219,Low Wind
98,0.502641647035319,182,294,Low Wind
99,0.8813507408913109,206,194,Low Wind
100,3.170430323606268,74,235,Moderate Wind
101,3.4701154474727285,297,99,Moderate Wind
102,7.360361671262715,75,346,Strong Wind
103,5.5862798702472265,365,233,Strong Wind
104,1.0352947891366588,10,101,Low Wind
105,5.015313793430846,302,178,Strong Wind
106,5.764550856616206,363,245,Strong Wind
107,4.106208684315333,126,317,Strong Wind
108,0.7995012893385116,66,43,Low Wind
109,1.244663998128357,143,117,Low Wind
110,0.48046972786058056,198,307,Low Wind
111,1.9023257801998332,423,108,Moderate Wind
112,1.2141939981386807,246,341,Low Wind
113,6.650313159783341,15,334,Strong Wind
114,1.5016522223579978,123,288,Moderate Wind
115,1.3248734199137275,145,100,Low Wind
116,5.902062346102841,420,307,Strong Wind
117,2.486300034085438,122,92,Moderate Wind
118,5.511030796331442,364,323,Strong Wind
119,0.8615637443349748,146,92,Low Wind
120,2.674280356462376,263,126,Moderate Wind
121,0.35713503364114657,44,111,Low Wind
122,2.8508920574862784,261,109,Moderate Wind
123,3.0727074323861934,26,137,Moderate Wind
124,0.9541425968359587,142,280,Low Wind
125,1.0677128288013733,124,113,Low Wind
126,4.786890162314885,293,30,Strong Wind
127,5.781487337640471,22,319,Strong Wind
128,1.9496140616414648,434,121,Moderate Wind
129,1.9631759258337882,300,266,Moderate Wind
130,4.11901012105776,266,217,Strong Wind
131,0.7476441171151278,161,190,Low Wind
132,1.2318406743601484,211,79,Low Wind
133,3.7740964051452455,252,181,Strong Wind
134,1.781800736014045,247,267,Moderate Wind
135,5.311801650252872,342,191,Strong Wind
136,5.33846755529636,294,219,Strong Wind
137,0.7397631903277522,37,92,Low Wind
138,0.6521847571624181,99,195,Low Wind
139,5.841058383866233,0,315,Strong Wind
140,1.372964858413324,395,48,Low Wind
141,4.563208407638865,264,15,Strong Wind
142,2.227135689537968,298,354,Moderate Wind
143,1.466641919632851,94,23,Moderate Wind
144,4.684225452116987,229,18,Strong Wind
145,3.8704042136040773,387,216,Strong Wind
146,1.7021434157667505,68,71,Moderate Wind
147,4.836184207898547,309,328,Strong Wind
148,0.5015508099459286,206,325,Low Wind
149,1.9655413067509002,36,50,Moderate Wind
150,0.9608864836735456,421,167,Low Wind
151,4.922813641834944,361,209,Strong Wind
152,3.677157900617434,387,200,Moderate Wind
153,4.38343486927062,251,38,Strong Wind
154,0.5980047362807792,104,192,Low Wind
155,3.190175901784909,297,257,Moderate Wind
156,2.2201527083221433,249,213,Moderate Wind
157,5.810474877992818,313,251,Strong Wind
158,4.100444390310454,350,112,Strong Wind
159,0.7696689555338672,201,87,Low Wind
160,2.780587867717768,62,258,Moderate Wind
161,3.0998372605557587,265,104,Moderate Wind
162,7.5557503528015415,27,353,Strong Wind
163,0.9118802292606546,277,318,Low Wind
164,1.243959591737922,48,154,Low Wind
165,0.9979263861165208,8,31,Low Wind
166,5.995775171104068,91,323,Strong Wind
167,1.171862340633604,117,44,Low Wind
168,1.8993170963861048,381,58,Moderate Wind
169,1.0501101505658132,130,266,Low Wind
170,2.451331826349181,403,176,Moderate Wind
171,6.083974700034337,400,287,Strong Wind
172,0.3639083561087367,180,99,Low Wind
173,0.6691341693211111,165,249,Low Wind
174,2.2571869458876113,411,2,Moderate Wind
175,0.8461021236692103,227,120,Low Wind
176,1.6584573262055573,15,28,Moderate Wind
177,1.5854206277391378,110,255,Moderate Wind
178,4.338586721397984,57,285,Strong Wind
179,1.5478758660766285,438,101,Moderate Wind
180,0.917597872043049,73,40,Low Wind
181,4.190128384778237,297,53,Strong Wind
182,2.461632189361871,231,180,Moderate Wind
183,1.4797572308899742,55,46,Moderate Wind
184,0.5719173876228577,141,3,Low Wind
185,1.5741552337487186,433,57,Moderate Wind
186,1.5406028722719884,175,338,Moderate Wind
187,0.4616787254674401,179,243,Low Wind
188,2.228946227442456,404,113,Moderate Wind
189,1.5775584880138689,247,140,Moderate Wind
190,0.8362183532769475,38,86,Low Wind
191,5.0014090946857035,388,270,Strong Wind
192,1.1101183232177627,191,153,Low Wind
193,5.757847255870499,287,236,Strong Wind
194,6.002934278307846,417,308,Strong Wind
195,5.333959872450343,304,202,Strong Wind
196,6.0212046777542705,332,259,Strong Wind
197,4.783375722274283,276,7,Strong Wind
198,4.614654587888618,27,293,Strong Wind
199,0.9797894085710972,176,201,Low Wind
200,1.0669636189068457,23,104,Low Wind
201,2.609100423944019,34,166,Moderate Wind
202,3.2843654643454947,391,197,Moderate Wind
203,0.7937519837011391,46,21,Low Wind
204,1.0217821464849066,203,43,Low Wind
205,1.3022823964295143,222,246,Low Wind
206,0.941677199975452,4,40,Low Wind
207,1.5106897815483074,259,337,Moderate Wind
208,0.631129408212314,142,269,Low Wind
209,1.0937337876619189,285,336,Low Wind
210,1.0231293897563294,196,3,Low Wind
211,4.822979102207587,289,182,Strong Wind
212,0.5641492723333752,202,311,Low Wind
213,1.6843136404322945,77,208,Moderate Wind
214,4.193870410965509,264,181,Strong Wind
215,5.961453470861184,22,323,Strong Wind
216,1.6017582512032436,439,106,Moderate Wind
217,1.2462013889473982,146,120,Low Wind
218,0.8326697426598392,153,95,Low Wind
219,5.753591692183039,357,326,Strong Wind
220,3.727250023420778,382,119,Moderate Wind
221,0.38489496891595876,125,217,Low Wind
222,1.1556145202601542,398,55,Low Wind
223,0.6225439084237976,170,183,Low Wind
224,0.8330821718530359,32,97,Low Wind
225,4.160221120910997,358,122,Strong Wind
226,4.544236337070455,247,16,Strong Wind
227,0.9514875302990166,204,351,Low Wind
228,6.351637441410093,386,336,Strong Wind
229,4.143430462206112,270,71,Strong Wind
230,3.5003530158958567,360,82,Moderate Wind
231,1.928297704765425,437,11,Moderate Wind
232,0.42733770072321947,143,63,Low Wind
233,5.50469493399834,349,321,Strong Wind
234,1.222159962919031,175,135,Low Wind
235,0.6909607669171257,177,263,Low Wind
236,5.2432475307967845,344,189,Strong Wind
237,5.957864587561521,318,253,Strong Wind
238,2.295556870688576,407,190,Moderate Wind
239,0.6050098719588844,60,98,Low Wind
240,5.724421093589128,442,315,Strong Wind
241,5.204960511277361,352,273,Strong Wind
242,0.422710291774443,171,14,Low Wind
243,3.8947853832539696,269,160,Strong Wind
244,6.2601557807229256,384,348,Strong Wind
245,0.6986078277736558,64,147,Low Wind
246,3.446301267236492,30,264,Moderate Wind
247,2.6140376169646418,234,173,Moderate Wind
248,1.5199052088718492,428,212,Moderate Wind
249,1.2753550580173718,138,298,Low Wind
250,0.7322365861716349,198,205,Low Wind
251,0.7772929253457477,227,337,Low Wind
252,6.194717752877794,397,318,Strong Wind
253,3.6464156256259974,275,272,Moderate Wind
254,0.6298278139822341,191,256,Low Wind
255,3.000386640120201,28,166,Moderate Wind
256,2.440702078408494,250,158,Moderate Wind
257,0.7830759717587634,162,210,Low Wind
258,4.135820706031221,334,37,Strong Wind
259,3.9555413933271577,20,281,Strong Wind
260,1.4333421883462092,107,36,Moderate Wind
261,3.9864040249028716,221,15,Strong Wind
262,0.40288320453046694,160,273,Low Wind
263,4.447737209950464,379,218,Strong Wind
264,5.086041549319553,318,344,Strong Wind
265,2.3809988003428963,414,200,Moderate Wind
266,3.77171004595084,35,277,Moderate Wind
267,1.4238220915885333,101,11,Low Wind
268,4.9736150186296975,386,273,Strong Wind
269,2.3583674848072516,20,13,Moderate Wind
270,1.532909589571056,433,91,Moderate Wind
271,1.2344511965252598,247,335,Low Wind
272,3.4267077964520483,244,183,Moderate Wind
273,7.246422986945353,98,340,Strong Wind
274,3.1836006624654942,73,234,Moderate Wind
275,1.483542742961361,388,63,Moderate Wind
276,0.5464631345481663,190,35,Low Wind
277,0.6442716902318054,45,95,Low Wind
278,0.4499706927999116,150,254,Low Wind
279,1.2734335053543255,210,181,Low Wind
280,0.39794577129745634,158,229,Low Wind
281,2.1169611350796256,10,156,Moderate Wind
282,4.032901190641444,343,20,Strong Wind
283,2.8519787212409824,371,10,Moderate Wind
284,3.0153390439174474,16,142,Moderate Wind
285,3.749928421964039,297,144,Moderate Wind
286,4.377772433475494,251,37,Strong Wind
287,4.90181455630473,284,12,Strong Wind
288,0.7063103991710158,438,144,Low Wind
289,1.1132380578799326,434,139,Low Wind
290,4.458484586479226,277,173,Strong Wind
291,5.4608549199764544,337,242,Strong Wind
292,2.0081172175686484,393,74,Moderate Wind
293,2.8666588962639814,244,240,Moderate Wind
294,1.169781644168063,90,17,Low Wind
295,0.6374149520120994,441,144,Low Wind
296,1.28646532027948,37,129,Low Wind
297,4.402815732837919,269,188,Strong Wind
298,2.4984325828545026,105,283,Moderate Wind
299,0.3938677125186555,186,302,Low Wind
300,5.182998451635807,306,182,Strong Wind
301,0.5314140171379919,204,320,Low Wind
302,3.179928800472585,285,275,Moderate Wind
303,2.208844391988353,16,122,Moderate Wind
304,0.5777178469305262,68,106,Low Wind
305,2.8134690020574977,93,294,Moderate Wind
306,1.0434818225307665,220,268,Low Wind
307,6.035081523332179,326,261,Strong Wind
308,2.0093946171006483,95,75,Moderate Wind
309,2.209660309258625,32,152,Moderate Wind
310,4.6050129942909095,282,34,Strong Wind
311,2.507691202027589,420,135,Moderate Wind
312,4.063690047763112,332,74,Strong Wind
313,3.902394969189556,289,83,Strong Wind
314,1.487359327996398,100,233,Moderate Wind
315,0.8895591327381296,209,354,Low Wind
316,2.6311680002088464,13,6,Moderate Wind
317,4.784559712569569,236,10,Strong Wind
318,6.026844201434471,357,334,Strong Wind
319,1.2765911472933495,91,20,Low Wind
320,1.2893855965777794,228,261,Low Wind
321,0.6240898068132766,141,200,Low Wind
322,4.910091267901254,363,214,Strong Wind
323,2.5885020241311114,375,57,Moderate Wind
324,4.038318958413331,302,86,Strong Wind
325,4.159778873599397,281,64,Strong Wind
326,2.2844085190108503,53,242,Moderate Wind
327,1.4880658109058598,441,30,Moderate Wind
328,6.107034967291663,328,257,Strong Wind
329,4.381333082438059,424,243,Strong Wind
330,4.514965109361704,316,36,Strong Wind
331,0.6372840363846499,427,164,Low Wind
332,1.1229009694561527,127,266,Low Wind
333,4.676387850759365,284,179,Strong Wind
334,1.1393178229500245,126,284,Low Wind
335,0.6055959997524465,74,0,Low Wind
336,3.5227167627261484,3,273,Moderate Wind
337,2.062579878041699,103,255,Moderate Wind
338,3.316579745577039,56,211,Moderate Wind
339,5.647756197556462,72,327,Strong Wind
340,0.4295123742582643,204,294,Low Wind
341,3.970725408461123,298,152,Strong Wind
342,0.4878814577336544,61,107,Low Wind
343,2.586131607866737,96,255,Moderate Wind
344,0.8647429010535632,192,196,Low Wind
345,3.0032107348571015,394,145,Moderate Wind
346,3.365627394267623,286,98,Moderate Wind
347,0.40866618509609814,179,306,Low Wind
348,0.44599613975390867,163,93,Low Wind
349,0.9359429436046102,209,257,Low Wind
350,0.5447400067470868,185,92,Low Wind
351,5.655838726868744,439,312,Strong Wind
352,0.3653517577987352,145,73,Low Wind
353,1.804135299400825,49,45,Moderate Wind
354,1.813400036110423,109,101,Moderate Wind
355,1.1961217144857543,81,56,Low Wind
356,4.34725549268088,332,21,Strong Wind
357,0.7495882239570087,94,191,Low Wind
358,3.4878294627904802,391,122,Moderate Wind
359,1.8313434252109804,47,258,Moderate Wind
360,0.5399506487876967,118,156,Low Wind
361,4.178993671186784,315,66,Strong Wind
362,5.0892896411479285,392,268,Strong Wind
363,2.3430021905130336,399,87,Moderate Wind
364,2.3161805066895496,401,1,Moderate Wind
365,4.058613472005768,346,144,Strong Wind
366,2.229751505522785,35,249,Moderate Wind
367,3.5733616287636005,17,271,Moderate Wind
368,1.2831295216453313,244,297,Low Wind
369,2.7967628537174067,394,187,Moderate Wind
370,6.2586689405459905,63,320,Strong Wind
371,1.0738818328432636,159,306,Low Wind
372,1.4518016982082622,60,188,Moderate Wind
373,0.9836193874012834,17,59,Low Wind
374,0.5797704602728303,169,79,Low Wind
375,0.5625995519257652,119,186,Low Wind
376,5.346154996067579,344,207,Strong Wind
377,1.008918774229337,123,257,Low Wind
378,2.419591329388746,11,148,Moderate Wind
379,1.1101475648976782,15,100,Low Wind
380,0.9786673224787839,67,168,Low Wind
381,2.932182344631684,245,241,Moderate Wind
382,2.6604504441833603,29,135,Moderate Wind
383,3.5153903244225564,264,271,Moderate Wind
384,5.4189209894899975,329,196,Strong Wind
385,2.760099019315043,33,254,Moderate Wind
386,4.171130985430624,318,152,Strong Wind
387,1.812087713155637,225,104,Moderate Wind
388,2.226975906056451,411,188,Moderate Wind
389,5.539388885762452,342,326,Strong Wind
390,1.6928436264932956,290,299,Moderate Wind
391,3.6177186401150823,252,86,Moderate Wind
392,5.036244828110778,315,232,Strong Wind
393,0.9090187480075351,191,161,Low Wind
394,0.6648152309171778,122,126,Low Wind
395,0.755962581661331,189,172,Low Wind
396,3.092587271783268,25,143,Moderate Wind
397,1.118436192621185,61,46,Low Wind
398,0.9789395219078364,207,219,Low Wind
399,0.809477626909816,18,80,Low Wind
400,0.6081356104359588,157,287,Low Wind
401,4.573164875605998,254,51,Strong Wind
402,5.027308140663049,420,250,Strong Wind
403,4.228129548413645,127,319,Strong Wind
404,3.459277696931839,44,207,Moderate Wind
405,1.0548846898241484,22,94,Low Wind
406,1.5901578258563673,215,213,Moderate Wind
407,4.022406244245755,337,53,Strong Wind
408,3.694073324729224,408,225,Moderate Wind
409,6.07163214528865,422,264,Strong Wind
410,7.784898086629231,75,350,Strong Wind
411,1.0465167095875634,110,13,Low Wind
412,0.5135800032731703,147,29,Low Wind
413,6.102516324439425,420,326,Strong Wind
414,1.5865896558438723,216,178,Moderate Wind
415,2.6958249840522064,396,173,Moderate Wind
416,0.48371662898637946,129,3,Low Wind
417,4.5360993115734285,305,40,Strong Wind
418,0.5279224557623377,165,181,Low Wind
419,4.9599500675781,319,349,Strong Wind
420,7.105328283944785,13,344,Strong Wind
421,5.103997734893727,335,314,Strong Wind
422,0.8954783589017162,197,149,Low Wind
423,0.46899344722500613,165,83,Low Wind
424,5.738268176993968,287,237,Strong Wind
425,2.6408375726053963,214,45,Moderate Wind
426,0.7736315805483067,83,170,Low Wind
427,5.294505529821027,83,314,Strong Wind
428,0.8379377763472775,130,26,Low Wind
429,4.119848254887887,304,62,Strong Wind
430,5.663557459303839,139,338,Strong Wind
431,0.5719905714509419,149,12,Low Wind
432,2.484418696511013,298,331,Moderate Wind
433,7.510617005484445,101,346,Strong Wind
434,0.404370663882584,185,35,Low Wind
435,1.911382462186162,423,98,Moderate Wind
436,0.5842478087400452,195,246,Low Wind
437,3.27324356936068,271,145,Moderate Wind
438,2.53873974513987,106,285,Moderate Wind
439,1.3117781502623145,206,168,Low Wind
440,0.7762860968386985,63,42,Low Wind
441,1.1515624682843408,91,205,Low Wind
442,0.4539125592955059,187,227,Low Wind
443,1.601293863745173,387,64,Moderate Wind
444,0.8654226575650205,158,147,Low Wind
445,5.0474862623490315,282,216,Strong Wind
446,4.580249223657219,403,244,Strong Wind
447,0.6687858984327876,210,348,Low Wind
448,1.0125822789376107,143,127,Low Wind
449,1.57533684196628,97,107,Moderate Wind
450,1.6361838315510198,49,252,Moderate Wind
451,5.166201783801848,20,303,Strong Wind
452,0.838918840062572,174,190,Low Wind
453,0.5526746107373157,121,204,Low Wind
454,1.0713869018687243,155,300,Low Wind
455,1.8109084829744244,440,12,Moderate Wind
456,4.83001727443214,383,230,Strong Wind
457,2.7914586812779674,384,93,Moderate Wind
458,5.346816155488916,36,310,Strong Wind
459,4.037222144259115,332,76,Strong Wind
460,0.46749028344598925,152,246,Low Wind
461,3.7054150287623577,368,160,Moderate Wind
462,3.21425688667229,303,343,Moderate Wind
463,1.6122067909789468,104,241,Moderate Wind
464,1.1596084894445127,139,84,Low Wind
465,1.2138683085201287,98,113,Low Wind
466,0.9590799246931222,27,62,Low Wind
467,0.4275012762821696,129,245,Low Wind
468,0.5761595208058288,104,194,Low Wind
469,0.3718780706073669,135,152,Low Wind
470,4.245550112177322,21,177,Strong Wind
471,3.8413653382254376,347,34,Strong Wind
472,0.7290198907231151,79,100,Low Wind
473,0.4655317787885566,172,175,Low Wind
474,1.4661259253424126,35,25,Moderate Wind
475,1.6086066171788698,33,0,Moderate Wind
476,1.5683436406515612,254,351,Moderate Wind
477,5.412307688237422,315,212,Strong Wind
478,0.5804337789871147,167,77,Low Wind
479,2.759454923080316,405,212,Moderate Wind
480,0.4476975839258936,201,290,Low Wind
481,5.646960186824415,347,353,Strong Wind
482,1.237943827278217,266,304,Low Wind
483,1.7610909011999711,271,346,Moderate Wind
484,4.0448412472417665,292,80,Strong Wind
485,1.6016153829020192,71,75,Moderate Wind
486,2.0189927239779553,88,89,Moderate Wind
487,5.941870723155156,419,308,Strong Wind
488,2.43774007346487,57,260,Moderate Wind
489,5.001480657918307,91,315,Strong Wind
490,5.404229962994707,377,242,Strong Wind
491,2.31162721623847,253,202,Moderate Wind
492,6.205448801786394,412,315,Strong Wind
493,7.003275742228664,129,349,Strong Wind
494,3.139779875684484,320,305,Moderate Wind
495,3.7748946428359202,350,83,Strong Wind
496,5.308763408381688,373,231,Strong Wind
497,1.9535073863282704,134,306,Moderate Wind
498,2.2275409427980137,246,212,Moderate Wind
499,0.6680857528106582,58,90,Low Wind
500,4.206041416721511,408,236,Strong Wind
501,4.204501018200329,327,144,Strong Wind
502,3.927840476425038,258,186,Strong Wind
503,2.0565074764446285,87,77,Moderate Wind
504,1.1613535886026083,237,292,Low Wind
505,0.6741791622610162,76,131,Low Wind
506,5.188035385408809,387,251,Strong Wind
507,1.2696522747097223,246,316,Low Wind
508,1.3278153947439164,277,339,Low Wind
509,5.049248430863975,360,215,Strong Wind
510,5.073610829259044,350,282,Strong Wind
511,2.8585192180840706,55,232,Moderate Wind
512,1.9985935411076958,9,224,Moderate Wind
513,1.0558646691626987,8,104,Low Wind
514,0.5847254187060527,183,56,Low Wind
515,0.6661478129679336,84,140,Low Wind
516,2.1432574147766505,417,121,Moderate Wind
517,3.358591021804212,415,221,Moderate Wind
518,1.6962480747993638,422,190,Moderate Wind
519,5.202531445151003,308,226,Strong Wind
520,0.9335687689976087,6,30,Low Wind
521,1.226529199454385,51,0,Low Wind
522,0.5724261526311747,39,119,Low Wind
523,5.816274160760592,350,348,Strong Wind
524,0.714132792947455,115,5,Low Wind
525,6.294210488778852,423,279,Strong Wind
526,0.5561362078689656,78,109,Low Wind
527,2.0041447331777547,222,172,Moderate Wind
528,2.1886814041614198,401,29,Moderate Wind
529,4.0235719257964835,332,77,Strong Wind
530,0.4233251061574551,168,54,Low Wind
531,6.294670294315505,373,349,Strong Wind
532,6.615351149931441,107,335,Strong Wind
533,0.7242803686910978,193,87,Low Wind
534,0.6394208369173263,216,282,Low Wind
535,2.3628500660536673,72,214,Moderate Wind
536,3.0508267524068624,380,97,Moderate Wind
537,5.179677068818114,372,227,Strong Wind
538,0.3590458933584121,138,151,Low Wind
539,1.0723580561927466,151,98,Low Wind
540,4.853455937009493,313,318,Strong Wind
541,0.8831823889249881,183,2,Low Wind
542,4.564402234329022,246,57,Strong Wind
543,5.995058786456564,431,328,Strong Wind
544,4.135463189132241,340,143,Strong Wind
545,5.422755127328141,110,321,Strong Wind
546,2.7115481858435913,7,141,Moderate Wind
547,1.8141150734281895,23,38,Moderate Wind
548,2.337629689041876,17,17,Moderate Wind
549,3.892221734378071,331,103,Strong Wind
550,3.8472377081314058,429,241,Strong Wind
551,1.3752442828698508,262,334,Low Wind
552,0.9551790036664269,10,38,Low Wind
553,4.671880768734215,241,13,Strong Wind
554,4.072550485261846,263,175,Strong Wind
555,0.5565638524577239,98,140,Low Wind
556,5.650959703692036,352,242,Strong Wind
557,3.6523863781936154,12,258,Moderate Wind
558,0.7824938984002422,197,135,Low Wind
559,5.5426000254420185,7,309,Strong Wind
560,6.254249244762645,389,326,Strong Wind
561,2.0560480554003506,303,270,Moderate Wind
562,4.164098049914739,376,189,Strong Wind
563,3.6210024865501533,267,155,Moderate Wind
564,1.2361199857366985,149,100,Low Wind
565,5.3379889794149475,324,242,Strong Wind
566,4.805150900941201,407,248,Strong Wind
567,0.8276816634326815,72,163,Low Wind
568,0.7669533676103509,52,17,Low Wind
569,4.235013160954179,317,275,Strong Wind
570,0.5376577640863672,39,103,Low Wind
571,0.64399231808468,78,132,Low Wind
572,0.46306541804249757,109,203,Low Wind
573,5.984073958342966,356,333,Strong Wind
574,0.7012244671805281,159,292,Low Wind
575,5.056749355696885,156,343,Strong Wind
576,6.1270142076523495,391,351,Strong Wind
577,1.1530714584377197,200,179,Low Wind
578,3.0726024356418407,390,148,Moderate Wind
579,0.8481488354663503,161,205,Low Wind
580,4.097393516290589,268,264,Strong Wind
581,3.0786718744264623,364,3,Moderate Wind
582,2.1329143265775836,104,59,Moderate Wind
583,4.264792870419773,275,58,Strong Wind
584,3.5079621221606785,304,128,Moderate Wind
585,1.9678653237638872,31,44,Moderate Wind
586,3.7153528778966223,377,140,Moderate Wind
587,3.973632822168046,362,166,Strong Wind
588,4.615384210225967,371,205,Strong Wind
589,1.1226814953676105,61,173,Low Wind
590,1.6287925698829957,12,25,Moderate Wind
591,4.646287044904029,280,193,Strong Wind
592,1.9076474535685035,37,239,Moderate Wind
593,0.6638636384740166,161,187,Low Wind
594,3.2970697787037517,64,240,Moderate Wind
595,0.6202813412877091,182,177,Low Wind
596,1.0837331117046656,206,77,Low Wind
597,0.7922961538148349,51,79,Low Wind
598,1.6465407644911503,435,50,Moderate Wind
599,3.2483456544085474,362,17,Moderate Wind
600,0.5441812660552041,135,176,Low Wind
601,7.811515725380459,98,350,Strong Wind
602,0.7673632351810785,205,94,Low Wind
603,3.0850041793002534,84,282,Moderate Wind
604,0.7721868974485565,32,103,Low Wind
605,2.894722308254334,88,294,Moderate Wind
606,2.9899776092114574,376,28,Moderate Wind
607,3.599258044963559,357,40,Moderate Wind
608,6.367005969609429,67,340,Strong Wind
609,3.3008465436698087,322,288,Moderate Wind
610,2.24305141096702,227,208,Moderate Wind
611,4.575561845716988,278,179,Strong Wind
612,1.9824244037906207,422,115,Moderate Wind
613,0.47211841552649775,141,64,Low Wind
614,1.0652195015368937,129,118,Low Wind
615,0.560518551097681,118,193,Low Wind
616,7.432897256773811,13,352,Strong Wind
617,5.696760743516961,354,242,Strong Wind
618,0.8253064162687523,235,343,Low Wind
619,4.699007535861705,260,3,Strong Wind
620,0.44521089432760846,114,222,Low Wind
621,1.129534668058946,160,315,Low Wind
622,0.4195135824873811,151,30,Low Wind
623,3.720254229693345,23,193,Moderate Wind
624,1.447503051976602,96,16,Moderate Wind
625,0.4339579617815715,209,130,Low Wind
626,0.6755983675712522,187,62,Low Wind
627,2.115464332062146,128,300,Moderate Wind
628,1.140080922821791,203,47,Low Wind
629,2.519671769561322,27,160,Moderate Wind
630,3.388116960782602,233,79,Moderate Wind
631,2.887395810717637,405,145,Moderate Wind
632,0.4588698540230904,187,119,Low Wind
633,3.9937037053835347,22,189,Strong Wind
634,0.5467575088670459,65,112,Low Wind
635,0.5120900578336685,176,176,Low Wind
636,1.2884231022024994,102,2,Low Wind
637,3.0658770570941978,251,101,Moderate Wind
638,3.8552669007224085,323,119,Strong Wind
639,4.462897326712708,362,314,Strong Wind
640,7.021049577161565,9,340,Strong Wind
641,0.9815730456124675,195,6,Low Wind
642,4.159258366807515,338,129,Strong Wind
643,4.6476012706105685,281,198,Strong Wind
644,2.569864463418944,248,162,Moderate Wind
645,5.235922677259897,100,318,Strong Wind
646,1.8979535159371543,293,300,Moderate Wind
647,5.641532591280424,337,276,Strong Wind
648,3.883091759458592,328,91,Strong Wind
649,0.4684463040952682,183,115,Low Wind
650,3.8392735040757615,160,340,Strong Wind
651,4.335883423475446,22,288,Strong Wind
652,2.8559795629664144,73,268,Moderate Wind
653,5.429948432557564,378,252,Strong Wind
654,5.087500883466282,337,289,Strong Wind
655,2.285246159669062,419,18,Moderate Wind
656,5.519711508485589,340,351,Strong Wind
657,4.338478500328679,304,161,Strong Wind
658,0.8052835173629521,78,145,Low Wind
659,3.7133733144008003,371,149,Moderate Wind
660,7.212882934902609,8,344,Strong Wind
661,1.341067592898683,89,212,Low Wind
662,4.2202648704848,324,58,Strong Wind
663,5.269389427215533,352,314,Strong Wind
664,5.519916590847575,402,263,Strong Wind
665,1.0411134458668077,266,316,Low Wind
666,2.2311084111634254,233,193,Moderate Wind
667,4.438960002234957,52,287,Strong Wind
668,4.117246078294582,236,61,Strong Wind
669,1.1303907445781494,154,307,Low Wind
670,4.791675829359876,289,180,Strong Wind
671,6.18584037958002,410,300,Strong Wind
672,1.1055780451396708,9,54,Low Wind
673,4.45902415974161,271,183,Strong Wind
674,1.4217681841133554,207,42,Low Wind
675,0.6050295153403603,105,176,Low Wind
676,6.941552154537431,15,341,Strong Wind
677,4.442227394372522,322,34,Strong Wind
678,0.9738874267470351,56,163,Low Wind
679,4.862797438257459,334,311,Strong Wind
680,5.856055335872154,313,250,Strong Wind
681,1.1547441969303243,211,161,Low Wind
682,2.8968018996126186,270,119,Moderate Wind
683,1.0798857766922045,203,16,Low Wind
684,0.4419279477714173,198,337,Low Wind
685,0.3466903931768999,152,42,Low Wind
686,3.538554474259479,269,275,Moderate Wind
687,1.5063277356974578,207,70,Moderate Wind
688,2.8214875339698415,412,137,Moderate Wind
689,4.168437134794448,311,81,Strong Wind
690,0.37578726256434664,167,237,Low Wind
691,3.6718029608670135,352,76,Moderate Wind
692,6.499111112202449,12,330,Strong Wind
693,2.187718456071997,246,123,Moderate Wind
694,5.751224896211412,359,240,Strong Wind
695,1.077742052943398,169,125,Low Wind
696,0.48606754178486156,85,120,Low Wind
697,3.398654230915705,70,281,Moderate Wind
698,0.5544485009803135,440,185,Low Wind
699,0.568794709926662,187,123,Low Wind
700,1.202226629042211,85,98,Low Wind
701,3.4814239036429235,382,143,Moderate Wind
702,1.087929363006129,391,55,Low Wind
703,2.713575909785445,25,162,Moderate Wind
704,5.856755021015555,430,318,Strong Wind
705,3.1043373246433568,399,132,Moderate Wind
706,4.11769823703209,319,135,Strong Wind
707,5.560447213665598,9,310,Strong Wind
708,5.9562428535202665,63,330,Strong Wind
709,1.8736902592348756,273,354,Moderate Wind
710,1.1801691009355664,194,351,Low Wind
711,5.898353099303349,314,248,Strong Wind
712,1.4024772301712565,149,318,Low Wind
713,0.28798869192391713,199,326,Low Wind
714,1.1054169066884842,395,59,Low Wind
715,4.458318034316034,262,38,Strong Wind
716,2.743404517950882,83,239,Moderate Wind
717,6.800472237945792,121,347,Strong Wind
718,3.860508509180917,133,322,Strong Wind
719,0.5157128838589671,141,57,Low Wind
720,2.603793899842162,382,79,Moderate Wind
721,1.7737838984490577,78,211,Moderate Wind
722,4.18939376845938,312,77,Strong Wind
723,3.5401509958903548,277,89,Moderate Wind
724,3.682120799848144,373,148,Moderate Wind
725,1.6124471907881326,43,254,Moderate Wind
726,0.6221140449407635,134,182,Low Wind
727,3.625186988255666,270,87,Moderate Wind
728,2.560364920647868,20,225,Moderate Wind
729,4.122883251539994,359,167,Strong Wind
730,0.35559635207854534,155,62,Low Wind
731,3.377997040109915,369,35,Moderate Wind
732,4.047418506939839,339,61,Strong Wind
733,0.7122812497713232,213,326,Low Wind
734,4.65426545921838,348,174,Strong Wind
735,2.744674215989927,217,66,Moderate Wind
736,0.7992226695402533,129,35,Low Wind
737,4.8541136153540645,1,292,Strong Wind
738,1.433436618300075,436,83,Moderate Wind
739,7.763969572728133,99,354,Strong Wind
740,4.986866927237475,294,22,Strong Wind
741,1.5511398021910574,113,269,Moderate Wind
742,1.0747808067509297,212,159,Low Wind
743,3.9018685445692562,358,145,Strong Wind
744,0.3740192357186292,158,275,Low Wind
745,6.883665439689603,112,354,Strong Wind
746,1.1260423947080707,216,256,Low Wind
747,1.4329112138507698,152,321,Moderate Wind
748,0.7506452292617886,36,92,Low Wind
749,4.579097339402965,389,233,Strong Wind
750,0.6481537603731005,167,218,Low Wind
751,4.996014529282149,385,266,Strong Wind
752,4.527449562280602,264,19,Strong Wind
753,2.990424239800467,391,186,Moderate Wind
754,2.832860747799468,91,254,Moderate Wind
755,3.5613573152502824,266,205,Moderate Wind
756,0.7074668562804877,235,138,Low Wind
757,0.685853353524112,202,272,Low Wind
758,0.16731750192862888,169,32,Low Wind
759,3.7562174240391926,30,275,Moderate Wind
760,1.3206670020265552,68,53,Low Wind
761,4.686329947557616,115,314,Strong Wind
762,5.317117619362348,325,188,Strong Wind
763,4.222568620187365,317,13,Strong Wind
764,3.8771290004373573,342,83,Strong Wind
765,3.693105894011074,17,245,Moderate Wind
766,1.303567406619557,142,114,Low Wind
767,1.6344663258115053,430,54,Moderate Wind
768,0.9942787531919257,44,134,Low Wind
769,0.9906039141673179,5,84,Low Wind
770,0.7676174709522934,195,90,Low Wind
771,0.6528359912225202,192,78,Low Wind
772,4.176621162475755,53,283,Strong Wind
773,2.947735002684425,88,254,Moderate Wind
774,0.5571898343552341,154,6,Low Wind
775,4.619084474976475,248,11,Strong Wind
776,1.1761842376369394,230,309,Low Wind
777,0.5353140845093375,117,228,Low Wind
778,4.3042827946630755,21,179,Strong Wind
779,3.3209526430524337,288,279,Moderate Wind
780,0.6151781563934562,103,164,Low Wind
781,0.6516891156235218,109,127,Low Wind
782,3.90408117764409,342,56,Strong Wind
783,0.9432589343284937,281,305,Low Wind
784,1.0637874704922456,221,311,Low Wind
785,4.478214433724543,263,48,Strong Wind
786,2.1991929513308377,413,189,Moderate Wind
787,0.4672948311749967,156,244,Low Wind
788,5.435164246217146,300,247,Strong Wind
789,1.2044733724584489,245,326,Low Wind
790,4.212168954946696,327,148,Strong Wind
791,3.9742402897942064,345,105,Strong Wind
792,2.044078980654521,292,266,Moderate Wind
793,6.2685347470998,408,313,Strong Wind
794,0.39343324272617,157,83,Low Wind
795,0.7890863646141448,205,232,Low Wind
796,5.57401726518013,287,226,Strong Wind
797,5.340446496374796,304,201,Strong Wind
798,0.7297834995502788,210,141,Low Wind
799,6.393886759412124,97,329,Strong Wind
800,5.590864258087234,343,254,Strong Wind
801,0.39191283166185775,53,105,Low Wind
802,3.917800303990781,280,79,Strong Wind
803,0.6549590176553539,55,95,Low Wind
804,0.911745409899132,245,351,Low Wind
805,2.677977491805555,252,112,Moderate Wind
806,4.853304717075868,233,4,Strong Wind
807,0.6132451451879746,188,51,Low Wind
808,0.3933865576784774,186,231,Low Wind
809,3.7219955927422235,25,194,Moderate Wind
810,3.1865076873851876,365,293,Moderate Wind
811,0.777433651301028,46,90,Low Wind
812,3.1835761956824857,16,203,Moderate Wind
813,0.7425636528202841,64,10,Low Wind
814,4.179136165583967,307,71,Strong Wind
815,2.192324971586557,6,147,Moderate Wind
816,5.04467096554958,82,311,Strong Wind
817,6.022085250654715,65,311,Strong Wind
818,1.3323544673620242,240,273,Low Wind
819,0.5976329202059092,186,85,Low Wind
820,0.6012507190810183,110,175,Low Wind
821,1.2427655272578486,291,332,Low Wind
822,2.832482910329055,58,204,Moderate Wind
823,0.6385038738262577,172,307,Low Wind
824,4.068616919385518,330,75,Strong Wind
825,4.28641248508481,138,329,Strong Wind
826,0.9888101613047088,283,326,Low Wind
827,1.3828920412495223,182,143,Low Wind
828,2.028202616812077,101,74,Moderate Wind
829,0.6577932529014109,105,153,Low Wind
830,7.681720287429414,54,352,Strong Wind
831,0.8126463520795132,80,176,Low Wind
832,6.2675140054603595,374,334,Strong Wind
833,0.9743497829733146,290,313,Low Wind
834,1.1796162993940331,151,100,Low Wind
835,5.4123939848627876,315,325,Strong Wind
836,1.8944865400430644,208,9,Moderate Wind
837,3.147384309127152,284,132,Moderate Wind
838,1.3850107045645996,260,299,Low Wind
839,4.22812956683907,316,58,Strong Wind
840,0.4842911085041204,106,209,Low Wind
841,1.7955187055906208,295,336,Moderate Wind
842,2.3833855740697776,34,249,Moderate Wind
843,5.773836019801033,340,259,Strong Wind
844,5.866167818934904,330,267,Strong Wind
845,2.3942486719816656,28,154,Moderate Wind
846,1.9233505868174243,52,60,Moderate Wind
847,0.7490140077094479,199,203,Low Wind
848,2.2939363294825594,430,227,Moderate Wind
849,7.143963215765883,1,341,Strong Wind
850,5.1917471686834595,421,252,Strong Wind
851,5.110686927892154,296,206,Strong Wind
852,6.116040617240993,416,315,Strong Wind
853,0.8391381919972257,207,155,Low Wind
854,3.1513344193862802,387,181,Moderate Wind
855,0.3899051773566143,127,134,Low Wind
856,1.2103583234466435,111,114,Low Wind
857,1.2188989611869678,246,337,Low Wind
858,4.157806008615835,270,263,Strong Wind
859,3.137911459458237,293,112,Moderate Wind
860,1.8313277108652528,70,68,Moderate Wind
861,1.5027964245804792,437,228,Moderate Wind
862,3.2676514778131054,289,104,Moderate Wind
863,3.677731347841211,297,141,Moderate Wind
864,0.4672948311749967,156,244,Low Wind
865,0.7825377903434743,204,261,Low Wind
866,0.5665163235638905,60,101,Low Wind
867,1.3135819843285959,421,68,Low Wind
868,1.1164337370566555,205,75,Low Wind
869,0.5740879542623576,211,346,Low Wind
870,0.3980865151391211,125,229,Low Wind
871,0.6872469565658315,178,285,Low Wind
872,5.173125767713741,280,244,Strong Wind
873,6.851163828784379,72,343,Strong Wind
874,3.6663003304246153,265,86,Moderate Wind
875,2.3369554005147273,257,133,Moderate Wind
876,2.95024316589768,367,11,Moderate Wind
877,0.44867985743145644,113,221,Low Wind
878,6.459958869718605,410,278,Strong Wind
879,3.6135411514343754,39,275,Moderate Wind
880,1.628372198614645,54,47,Moderate Wind
881,4.395962349073304,342,164,Strong Wind
882,6.415284111557986,5,328,Strong Wind
883,4.217783334424601,284,55,Strong Wind
884,5.982752451086401,425,346,Strong Wind
885,0.5499658910213104,188,222,Low Wind
886,2.5599964987544617,97,257,Moderate Wind
887,3.1140235700375456,253,194,Moderate Wind
888,3.3694822475244903,40,221,Moderate Wind
889,3.6294028927255586,327,305,Moderate Wind
890,2.5394017229329418,24,158,Moderate Wind
891,5.422743061336503,325,205,Strong Wind
892,0.5735785033260892,115,156,Low Wind
893,2.4541270422524435,257,141,Moderate Wind
894,1.2397009946815791,226,252,Low Wind
895,4.177434856886183,331,15,Strong Wind
896,3.0952901952352567,101,298,Moderate Wind
897,2.0613295739372717,24,30,Moderate Wind
898,2.57833889316426,214,64,Moderate Wind
899,1.4506881511872352,415,66,Moderate Wind
900,3.708491026485666,319,116,Moderate Wind
901,0.6083379136814159,220,337,Low Wind
902,4.507669764818911,139,331,Strong Wind
903,6.965894507308926,21,344,Strong Wind
904,3.4267270793920477,364,308,Moderate Wind
905,4.716482835163869,350,177,Strong Wind
906,3.188944293453422,0,137,Moderate Wind
907,4.996450730917941,359,206,Strong Wind
908,4.26839672278094,331,17,Strong Wind
909,6.958157799386245,105,339,Strong Wind
910,4.705296194774608,319,314,Strong Wind
911,2.2948178581273884,234,199,Moderate Wind
912,3.8584130685140035,269,159,Strong Wind
913,1.0777131481114726,48,8,Low Wind
914,2.368440553093375,29,153,Moderate Wind
915,0.7821695295722599,88,159,Low Wind
916,4.992194539750208,350,299,Strong Wind
917,5.879697763061398,439,267,Strong Wind
918,5.852818651683221,365,327,Strong Wind
919,5.525795791602482,346,266,Strong Wind
920,4.3705388055808925,310,162,Strong Wind
921,0.5797069087113659,177,179,Low Wind
922,3.5927309055890135,25,259,Moderate Wind
923,4.625317218750285,416,244,Strong Wind
924,4.619698949039121,289,172,Strong Wind
925,0.7666886327506388,47,21,Low Wind
926,5.599613765254803,330,215,Strong Wind
927,4.185360425621489,325,65,Strong Wind
928,0.7697047844119121,156,208,Low Wind
929,2.504787966035183,98,271,Moderate Wind
930,4.466883744458582,266,44,Strong Wind
931,3.115331108058897,412,217,Moderate Wind
932,4.455220259813347,264,54,Strong Wind
933,1.9118407165127849,270,291,Moderate Wind
934,1.25828599230727,236,127,Low Wind
935,5.974066767405963,421,351,Strong Wind
936,2.049182598268648,79,217,Moderate Wind
937,4.190469079987554,274,68,Strong Wind
938,1.2770686334981824,229,255,Low Wind
939,0.9710208594028038,49,72,Low Wind
940,1.09339602301704,183,137,Low Wind
941,0.7047766241126019,183,270,Low Wind
942,0.4228637613352793,202,110,Low Wind
943,2.985262866046517,277,121,Moderate Wind
944,1.751619898999197,6,160,Moderate Wind
945,2.0041447331777547,222,172,Moderate Wind
946,6.469725713715633,17,331,Strong Wind
947,7.593056688600816,101,354,Strong Wind
948,4.289998252233044,267,180,Strong Wind
949,2.043340714284792,172,340,Moderate Wind
950,1.8831157751521366,108,100,Moderate Wind
951,2.7261483129136472,385,90,Moderate Wind
952,6.975248637287023,58,345,Strong Wind
953,2.2751288398108236,2,118,Moderate Wind
954,2.909815846543464,88,292,Moderate Wind
955,5.443950179263162,340,209,Strong Wind
956,5.229137520541891,349,200,Strong Wind
957,3.201425974639628,236,92,Moderate Wind
958,1.0934125503881762,165,315,Low Wind
959,3.181536740214249,243,96,Moderate Wind
960,0.5679080573051236,198,282,Low Wind
961,5.794791965972555,328,270,Strong Wind
962,1.2527049394484353,129,289,Low Wind
963,3.6959934792706473,276,152,Moderate Wind
964,5.685830272072598,424,258,Strong Wind
965,1.1565902482367627,117,253,Low Wind
966,3.610789051034993,16,170,Moderate Wind
967,4.304344541319104,269,62,Strong Wind
968,1.5303833039655756,411,50,Moderate Wind
969,0.592688256079898,193,337,Low Wind
970,1.6677267768139996,425,146,Moderate Wind
971,1.1831513983883042,134,116,Low Wind
972,2.7888395276859517,372,61,Moderate Wind
973,4.764567275951581,79,306,Strong Wind
974,0.6499332713808689,168,263,Low Wind
975,4.381690754662614,253,30,Strong Wind
976,1.1333009218193546,419,169,Low Wind
977,4.561938433450137,322,26,Strong Wind
978,4.188474701009271,302,79,Strong Wind
979,3.1650529296836702,239,95,Moderate Wind
980,1.2117586791410382,218,159,Low Wind
981,1.060831669266016,112,28,Low Wind
982,4.533965754542313,258,50,Strong Wind
983,5.702222285329507,339,269,Strong Wind
984,6.290637096759866,408,321,Strong Wind
985,0.5768454126948792,169,111,Low Wind
986,0.8277928123241162,61,42,Low Wind
987,3.7726346635901304,272,270,Strong Wind
988,1.1017532270467565,155,311,Low Wind
989,1.4235634673006166,444,42,Low Wind
990,5.562775568182457,416,256,Strong Wind
991,3.1265261048077075,75,235,Moderate Wind
992,0.6343979858172883,101,187,Low Wind
993,2.0199573582911956,31,42,Moderate Wind
994,3.8847500075295636,65,283,Strong Wind
995,0.6781337858316889,93,147,Low Wind
996,1.3082350875554536,227,247,Low Wind
997,3.08524704695231,238,229,Moderate Wind
998,2.8912008928287047,84,245,Moderate Wind
999,6.194958401631593,400,347,Strong Wind
1000,3.270778230895742,398,219,Moderate Wind
1001,1.9282167653261075,407,30,Moderate Wind
1002,1.237943827278217,266,304,Low Wind
1003,1.6025103201373172,254,286,Moderate Wind
1004,3.014397343843842,215,54,Moderate Wind
1005,2.178947352421615,247,204,Moderate Wind
1006,0.2991870612045964,177,28,Low Wind
1007,1.9026346118277169,438,16,Moderate Wind
1008,4.641877241314507,266,227,Strong Wind
1009,1.1414416431364325,92,6,Low Wind
1010,5.338661749669022,343,309,Strong Wind
1011,0.7115966802349988,187,129,Low Wind
1012,0.5576640154260768,173,81,Low Wind
1013,2.0085651984891264,251,130,Moderate Wind
1014,4.704941565817523,263,2,Strong Wind
1015,0.9480320738362391,53,154,Low Wind
1016,0.9063474510909344,186,199,Low Wind
1017,1.2166774134152032,246,325,Low Wind
1018,0.3019805551696567,201,328,Low Wind
1019,3.643303926033249,17,170,Moderate Wind
1020,0.850662568528484,57,12,Low Wind
1021,4.4054309619667835,271,260,Strong Wind
1022,2.594281027358783,67,211,Moderate Wind
1023,3.893492707423285,250,231,Strong Wind
1024,2.22498083531763,408,9,Moderate Wind
1025,1.2880736030374567,107,29,Low Wind
1026,3.280506267586063,13,242,Moderate Wind
1027,1.0929548989265745,10,59,Low Wind
1028,1.2236523337526137,236,305,Low Wind
1029,4.2080789776328,309,157,Strong Wind
1030,2.8882986938709054,28,217,Moderate Wind
1031,4.166169096989093,358,292,Strong Wind
1032,0.31224698232567394,198,332,Low Wind
1033,3.91186293409868,330,107,Strong Wind
1034,2.2585175670401303,421,19,Moderate Wind
1035,6.367648543458485,389,332,Strong Wind
1036,0.4546230387578096,212,339,Low Wind
1037,3.14917200002605,43,225,Moderate Wind
1038,0.5954251711797931,57,36,Low Wind
1039,5.783472803215602,346,342,Strong Wind
1040,0.47137281382600354,156,88,Low Wind
1041,2.575945573468016,226,82,Moderate Wind
1042,2.0116597037488746,127,74,Moderate Wind
1043,5.119086108621645,297,186,Strong Wind
1044,2.071971776276349,408,114,Moderate Wind
1045,3.923272872730786,346,19,Strong Wind
1046,1.2251192735579222,236,306,Low Wind
1047,1.1961329742758209,40,132,Low Wind
1048,0.3592837559995064,137,142,Low Wind
1049,5.831204784312211,348,343,Strong Wind
1050,1.0591142755378515,164,312,Low Wind
1051,7.115159739147276,24,347,Strong Wind
1052,5.779129155235971,77,326,Strong Wind
1053,3.2423127266678087,385,179,Moderate Wind
1054,2.9552894682806676,63,268,Moderate Wind
1055,2.13756618559494,44,48,Moderate Wind
1056,0.6850614460239959,57,89,Low Wind
1057,6.090015313760303,428,286,Strong Wind
1058,0.9697982486208144,154,294,Low Wind
1059,1.0193562833211343,21,55,Low Wind
1060,1.6395296280031955,125,102,Moderate Wind
1061,4.38612178281076,273,174,Strong Wind
1062,0.4366789961233319,59,113,Low Wind
1063,2.1027527147345983,101,78,Moderate Wind
1064,4.228129548413645,127,319,Strong Wind
1065,3.4651788958276017,355,63,Moderate Wind
1066,1.188869841104715,229,269,Low Wind
1067,2.3926593359294177,7,145,Moderate Wind
1068,1.14803278263718,215,250,Low Wind
1069,0.6358256373598974,180,77,Low Wind
1070,0.3200400405912449,177,46,Low Wind
1071,2.4655425214345232,57,252,Moderate Wind
1072,5.299181525915802,417,253,Strong Wind
1073,0.5690089376749352,164,1,Low Wind
1074,6.168397824809651,414,327,Strong Wind
1075,4.177964961398351,223,19,Strong Wind
1076,0.6147765214033495,182,79,Low Wind
1077,4.001761562995963,344,25,Strong Wind
1078,1.2722440842744442,48,67,Low Wind
1079,5.048241140406686,274,245,Strong Wind
1080,5.075797254496028,407,252,Strong Wind
1081,1.5890766334516315,242,152,Moderate Wind
1082,2.5974590329520044,97,276,Moderate Wind
1083,0.5751175842486418,110,150,Low Wind
1084,4.4031735230396984,330,22,Strong Wind
1085,5.386767368776194,329,342,Strong Wind
1086,5.75311439005955,436,297,Strong Wind
1087,1.4029169014899991,102,11,Low Wind
1088,1.3097670954195053,273,336,Low Wind
1089,0.3587363535213919,160,236,Low Wind
1090,3.2842105752821924,231,76,Moderate Wind
1091,0.8372441332388351,184,18,Low Wind
1092,4.556150988314602,308,257,Strong Wind
1093,1.6245504825812056,173,337,Moderate Wind
1094,1.1042479579352373,278,331,Low Wind
1095,1.5388340055928957,109,109,Moderate Wind
1096,5.524977766592827,324,218,Strong Wind
1097,4.400835861055105,269,51,Strong Wind
1098,0.4631734544696976,90,130,Low Wind
1099,0.3725060044897805,207,127,Low Wind
1100,1.4155318420606648,13,113,Low Wind
1101,0.9055694714499333,183,208,Low Wind
1102,4.1702907977062695,374,187,Strong Wind
1103,0.3923300464981165,205,336,Low Wind
1104,0.4093809342718817,129,153,Low Wind
1105,2.604775780682549,391,11,Moderate Wind
1106,2.587594766732492,233,209,Moderate Wind
1107,4.017587659252148,339,71,Strong Wind
1108,4.901389240878439,125,323,Strong Wind
1109,0.6630891315341887,198,40,Low Wind
1110,2.9136187716674162,244,105,Moderate Wind
1111,1.7345724601583585,111,101,Moderate Wind
1112,0.46859113399779345,144,37,Low Wind
1113,1.417039947880106,14,31,Low Wind
1114,2.9317284176164238,271,129,Moderate Wind
1115,0.39994557000806624,138,161,Low Wind
1116,6.155443995510386,412,293,Strong Wind
1117,1.2022912097174032,235,274,Low Wind
1118,2.1949563409723134,117,290,Moderate Wind
1119,4.128961838027847,29,285,Strong Wind
1120,4.125472534171173,305,63,Strong Wind
1121,2.261096749238736,314,299,Moderate Wind
1122,1.229628881622176,237,309,Low Wind
1123,0.37743560720509917,143,155,Low Wind
1124,4.105773271735282,17,178,Strong Wind
1125,0.9002288274078964,77,177,Low Wind
1126,0.7414104284428915,136,32,Low Wind
1127,3.8278009057586075,254,79,Strong Wind
1128,2.9962250703596385,38,265,Moderate Wind
1129,5.673879840199952,369,249,Strong Wind
1130,4.612399307103139,277,188,Strong Wind
1131,3.812154240547299,1,278,Strong Wind
1132,3.5063518106297495,276,90,Moderate Wind
1133,0.9917679793296995,208,231,Low Wind
1134,4.449134682988113,23,290,Strong Wind
1135,5.339671790050416,278,234,Strong Wind
1136,2.015092850040993,16,23,Moderate Wind
1137,0.4337173358632026,204,295,Low Wind
1138,0.6478499962506009,147,278,Low Wind
1139,2.7959924756840495,58,246,Moderate Wind
1140,0.6304551521254076,185,78,Low Wind
1141,1.322695218177992,206,72,Low Wind
1142,0.6067528288934178,34,108,Low Wind
1143,5.59204773303323,341,330,Strong Wind
1144,4.7905999727001305,261,246,Strong Wind
1145,3.2196661723862485,100,302,Moderate Wind
1146,5.351027912180858,366,227,Strong Wind
1147,3.1007618341366356,75,234,Moderate Wind
1148,1.895303247823289,224,180,Moderate Wind
1149,3.076316917958483,292,117,Moderate Wind
1150,2.5152517908534024,70,214,Moderate Wind
1151,5.809366142717306,71,311,Strong Wind
1152,1.998606559816484,288,294,Moderate Wind
1153,2.970166350538434,32,213,Moderate Wind
1154,4.749986896373298,275,13,Strong Wind
1155,2.657647967933909,96,277,Moderate Wind
1156,4.250565661004691,311,55,Strong Wind
1157,5.04198959933759,293,198,Strong Wind
1158,3.2619256538784085,387,144,Moderate Wind
1159,0.9136886736668073,96,205,Low Wind
1160,1.2215634039844863,227,114,Low Wind
1161,4.676387850759365,284,179,Strong Wind
1162,4.586736575293705,241,18,Strong Wind
1163,0.8749401464853824,31,89,Low Wind
1164,0.5341656117458673,85,113,Low Wind
1165,1.4730860436947182,418,72,Moderate Wind
1166,4.287731112912024,334,28,Strong Wind
1167,1.8574348071335396,415,113,Moderate Wind
1168,4.343428686055375,311,315,Strong Wind
1169,1.9983319090502545,434,8,Moderate Wind
1170,0.9103711993391169,23,86,Low Wind
1171,4.693723997522657,370,202,Strong Wind
1172,0.9193635606758218,280,319,Low Wind
1173,1.1192431952202102,213,89,Low Wind
1174,0.3600023738532053,112,211,Low Wind
1175,0.9440604455530398,222,302,Low Wind
1176,6.049055334376633,400,290,Strong Wind
1177,0.81934632480218,201,141,Low Wind
1178,4.9417782297867685,304,252,Strong Wind
1179,4.97045213490406,291,22,Strong Wind
1180,0.8748778534311259,197,346,Low Wind
1181,0.47049419201569664,185,45,Low Wind
1182,4.113445171236049,345,123,Strong Wind
1183,0.7323030293276028,190,24,Low Wind
1184,3.6610276536642927,261,86,Moderate Wind
1185,0.809091205776424,131,31,Low Wind
1186,0.38720934732976764,134,137,Low Wind
1187,3.6217540922038545,371,166,Moderate Wind
1188,2.296562450202694,298,262,Moderate Wind
1189,1.092565874283148,290,326,Low Wind
1190,1.3192591897750612,230,260,Low Wind
1191,0.7526413763053196,211,147,Low Wind
1192,3.4988759549512984,381,144,Moderate Wind
1193,1.1100528739891269,157,312,Low Wind
1194,4.343917163976092,320,163,Strong Wind
1195,0.41954411206248776,156,241,Low Wind
1196,0.4885813684022465,85,128,Low Wind
1197,4.158076674604583,336,126,Strong Wind
1198,1.1082748636460282,162,313,Low Wind
1199,2.0867177149392977,383,47,Moderate Wind
1200,1.12029330197323,157,316,Low Wind
1201,2.195683765466585,99,94,Moderate Wind
1202,0.4260512414391624,159,241,Low Wind
1203,1.789480375572313,416,104,Moderate Wind
1204,0.32120550739660503,194,329,Low Wind
1205,5.455406691365879,334,208,Strong Wind
1206,0.6539082242806811,171,248,Low Wind
1207,5.11370318749795,365,320,Strong Wind
1208,1.278274758770348,14,34,Low Wind
1209,6.315971837167386,424,276,Strong Wind
1210,2.411831013142921,37,257,Moderate Wind
1211,2.3525184002432575,149,326,Moderate Wind
1212,2.682723185000967,404,153,Moderate Wind
1213,4.69124655343357,263,252,Strong Wind
1214,4.454965529117278,141,332,Strong Wind
1215,0.4016689255998708,225,349,Low Wind
1216,4.258695669480617,272,63,Strong Wind
1217,3.5982628984180987,25,267,Moderate Wind
1218,4.1055362885914795,278,72,Strong Wind
1219,5.965653800548754,439,270,Strong Wind
1220,3.9199753260536476,137,326,Strong Wind
1221,2.914568424330937,30,214,Moderate Wind
1222,4.330170996265642,291,251,Strong Wind
1223,6.2860989025256595,381,332,Strong Wind
1224,1.3521783434867667,53,68,Low Wind
1225,0.4943114566423171,192,333,Low Wind
1226,2.349220309756806,233,107,Moderate Wind
1227,4.4194678068382505,314,15,Strong Wind
1228,0.9328437113198476,62,165,Low Wind
1229,3.0313082656559254,65,221,Moderate Wind
1230,1.2877405936999424,283,343,Low Wind
1231,0.4534164603085661,193,294,Low Wind
1232,4.098071508265883,295,64,Strong Wind
1233,0.676548312843051,160,154,Low Wind
1234,3.643818378620953,398,225,Moderate Wind
1235,5.453146248649575,352,217,Strong Wind
1236,5.053686727388967,273,244,Strong Wind
1237,1.4935229927475597,76,202,Moderate Wind
1238,3.751399577484209,13,252,Moderate Wind
1239,1.8141399678396168,38,142,Moderate Wind
1240,5.383212701978549,331,236,Strong Wind
1241,3.251035956746303,308,308,Moderate Wind
1242,3.533171102824641,40,274,Moderate Wind
1243,5.259991187026649,373,266,Strong Wind
1244,1.1850525112599295,140,291,Low Wind
1245,3.636988617393829,275,269,Moderate Wind
1246,1.3363121781784273,85,30,Low Wind
1247,1.1914993916315448,396,51,Low Wind
1248,1.1607995109771818,290,339,Low Wind
1249,2.547218116842334,257,117,Moderate Wind
1250,1.5359844680929569,74,201,Moderate Wind
1251,4.074688420810518,358,297,Strong Wind
1252,2.6190325713927014,404,155,Moderate Wind
1253,3.5335962981882507,375,107,Moderate Wind
1254,0.528801305940059,222,120,Low Wind
1255,1.056118174589987,198,185,Low Wind
1256,4.19636169892242,280,60,Strong Wind
1257,3.00862334911713,261,202,Moderate Wind
1258,1.2133904908817104,70,191,Low Wind
1259,0.7710992157523348,197,89,Low Wind
1260,0.8443522293469976,46,76,Low Wind
1261,1.9158914854073692,39,161,Moderate Wind
1262,0.6183885484689158,98,169,Low Wind
1263,2.212884665596674,413,87,Moderate Wind
1264,3.1969766864976736,62,244,Moderate Wind
1265,1.198429206286658,3,57,Low Wind
1266,4.004672473378088,357,104,Strong Wind
1267,2.91257242207287,33,257,Moderate Wind
1268,1.4583928236612462,42,34,Moderate Wind
1269,3.991430443865282,378,188,Strong Wind
1270,3.0645581647260793,291,118,Moderate Wind
1271,0.4268824813628187,177,51,Low Wind
1272,1.4406181220694825,115,265,Moderate Wind
1273,6.0043023293511535,443,337,Strong Wind
1274,0.9486759164287224,60,165,Low Wind
1275,5.505228006481109,334,339,Strong Wind
1276,2.4444797930523423,127,91,Moderate Wind
1277,6.255065890129933,113,332,Strong Wind
1278,6.293267791162063,31,334,Strong Wind
1279,5.503769919772626,375,249,Strong Wind
1280,3.778275839103591,378,184,Strong Wind
1281,2.20668647312632,112,81,Moderate Wind
1282,0.8486116420978297,27,76,Low Wind
1283,0.4712155728125084,167,4,Low Wind
1284,1.3238626249469077,254,308,Low Wind
1285,0.5705132649017832,128,207,Low Wind
1286,0.46126436337592885,171,7,Low Wind
1287,4.352494201372516,228,32,Strong Wind
1288,6.096119850543403,434,347,Strong Wind
1289,5.727259931831054,294,241,Strong Wind
1290,0.4991114769682389,435,182,Low Wind
1291,5.04198959933759,293,198,Strong Wind
1292,0.7271849576882545,211,276,Low Wind
1293,0.3588260402243414,154,27,Low Wind
1294,0.4172452460185896,184,300,Low Wind
1295,1.6681858961626432,49,248,Moderate Wind
1296,3.344546421126077,243,184,Moderate Wind
1297,0.9423552216432016,224,154,Low Wind
1298,0.5661693768515772,99,141,Low Wind
1299,0.37469977746481076,164,233,Low Wind
1300,1.3461758778516992,184,144,Low Wind
1301,1.7381995897014877,428,217,Moderate Wind
1302,4.512633742455297,429,247,Strong Wind
1303,1.2629614346576263,187,145,Low Wind
1304,0.8076447623927717,203,142,Low Wind
1305,2.501457058852495,87,240,Moderate Wind
1306,4.643094540215446,402,245,Strong Wind
1307,4.1023624769256495,294,65,Strong Wind
1308,1.3711981907393216,254,298,Low Wind
1309,3.918278160374998,255,251,Strong Wind
1310,2.140764555163303,123,295,Moderate Wind
1311,0.8327384764796574,74,164,Low Wind
1312,3.319355569533061,284,259,Moderate Wind
1313,5.417545900141755,316,216,Strong Wind
1314,0.8311908297266177,201,24,Low Wind
1315,0.5741893566642959,199,129,Low Wind
1316,0.7066462546710618,107,126,Low Wind
1317,4.302153324454539,316,161,Strong Wind
1318,0.773564560095503,438,142,Low Wind
1319,0.7788118251477699,206,146,Low Wind
1320,1.591831358862961,74,78,Moderate Wind
1321,5.017055208066203,273,227,Strong Wind
1322,0.7736315071333347,210,149,Low Wind
1323,3.331029884301299,245,226,Moderate Wind
1324,3.1903969574896793,240,228,Moderate Wind
1325,3.6962257323734313,386,307,Moderate Wind
1326,4.587592593745487,251,52,Strong Wind
1327,1.3189425472196405,119,278,Low Wind
1328,5.783781749270036,72,321,Strong Wind
1329,0.9076770162210608,205,248,Low Wind
1330,0.8088336867373611,178,126,Low Wind
1331,2.0850526528932667,295,270,Moderate Wind
1332,3.4792069340184653,24,196,Moderate Wind
1333,3.605284310596246,248,183,Moderate Wind
1334,5.7782805120997045,340,235,Strong Wind
1335,5.027745504596932,376,270,Strong Wind
1336,4.506100221409566,261,53,Strong Wind
1337,4.171199849059492,316,273,Strong Wind
1338,0.41906470194439693,443,177,Low Wind
1339,3.835984379652875,321,105,Strong Wind
1340,0.7342347464265581,180,276,Low Wind
1341,2.2801648973946897,231,185,Moderate Wind
1342,1.5569709899169843,430,32,Moderate Wind
1343,0.4895025006967758,171,177,Low Wind
1344,1.1150583549207513,213,249,Low Wind
1345,6.494734516165261,50,326,Strong Wind
1346,5.583813800870579,153,344,Strong Wind
1347,1.4759561737739466,249,283,Moderate Wind
1348,0.8008286828348622,199,75,Low Wind
1349,1.7690914205558002,2,150,Moderate Wind
1350,4.651324490272018,251,8,Strong Wind
1351,1.1756837808327325,82,54,Low Wind
1352,0.46009460276997316,152,226,Low Wind
1353,4.213469246541905,104,309,Strong Wind
1354,4.240579138308225,275,61,Strong Wind
1355,5.183884904852139,346,188,Strong Wind
1356,6.213537571076398,127,337,Strong Wind
1357,5.276362187058242,295,217,Strong Wind
1358,7.536940565014836,6,351,Strong Wind
1359,1.6929830377549238,241,126,Moderate Wind
1360,6.247237681363495,410,325,Strong Wind
1361,0.5868695867869169,58,131,Low Wind
1362,2.0087354301218614,418,26,Moderate Wind
1363,1.8122846319578585,100,41,Moderate Wind
1364,2.793710346946709,384,94,Moderate Wind
1365,2.0946616083527556,252,129,Moderate Wind
1366,2.750213563991773,265,121,Moderate Wind
1367,0.46318102275532447,210,292,Low Wind
1368,1.6526594773409695,111,103,Moderate Wind
1369,3.9506109407454613,301,149,Strong Wind
1370,4.953120287235219,330,315,Strong Wind
1371,5.4435341176712635,342,210,Strong Wind
1372,3.332506987731117,360,52,Moderate Wind
1373,1.0538569712252557,20,93,Low Wind
1374,6.2947135726432135,6,326,Strong Wind
1375,2.8337503703115017,29,212,Moderate Wind
1376,2.8045364230371264,239,234,Moderate Wind
1377,0.5731753516621854,75,1,Low Wind
1378,0.9658990943716109,6,83,Low Wind
1379,5.984049728042658,366,329,Strong Wind
1380,4.5555138259074495,335,302,Strong Wind
1381,4.330879224362127,292,46,Strong Wind
1382,5.560146677493505,342,213,Strong Wind
1383,0.7351631168193751,60,150,Low Wind
1384,0.5490122794340632,432,159,Low Wind
1385,0.49427169119383846,78,7,Low Wind
1386,3.712313775813485,296,92,Moderate Wind
1387,1.5242362261599842,431,36,Moderate Wind
1388,2.986587949586931,301,326,Moderate Wind
1389,3.812344758402608,24,277,Strong Wind
1390,2.0320077710620144,44,55,Moderate Wind
1391,3.0238719087777626,69,258,Moderate Wind
1392,0.40489911416431384,133,227,Low Wind
1393,0.9197692313423182,192,177,Low Wind
1394,0.7660801696762352,203,90,Low Wind
1395,3.988344008130716,338,52,Strong Wind
1396,2.0757654208490792,37,252,Moderate Wind
1397,2.025819293336027,37,161,Moderate Wind
1398,0.658821685524182,173,161,Low Wind
1399,2.7945719910243265,266,127,Moderate Wind
1400,7.522711317184007,84,344,Strong Wind
1401,5.063426602702459,374,226,Strong Wind
1402,5.442324999393761,316,332,Strong Wind
1403,0.4063074341687404,162,229,Low Wind
1404,1.3129580132045537,399,62,Low Wind
1405,0.316928887051296,216,122,Low Wind
1406,2.706162276684681,93,272,Moderate Wind
1407,1.771538376595975,45,238,Moderate Wind
1408,1.6659635032681086,248,140,Moderate Wind
1409,3.5678292929513566,18,268,Moderate Wind
1410,0.4824238774544714,151,180,Low Wind
1411,1.1324097078372442,391,53,Low Wind
1412,4.333860961992432,422,241,Strong Wind
1413,1.930290404766728,234,240,Moderate Wind
1414,1.3443848696440261,432,71,Low Wind
1415,6.156303072620042,435,278,Strong Wind
1416,6.472241722043885,48,328,Strong Wind
1417,0.30279927714770266,160,46,Low Wind
1418,2.3868418450795246,399,8,Moderate Wind
1419,2.272595706520942,292,262,Moderate Wind
1420,4.599487003057334,372,214,Strong Wind
1421,4.123912715052986,30,285,Strong Wind
1422,1.3322389197422506,109,242,Low Wind
1423,3.1219307517645802,425,228,Moderate Wind
1424,3.6555330601037612,24,251,Moderate Wind
1425,0.5700772505371564,167,1,Low Wind
1426,5.846283203726859,41,320,Strong Wind
1427,2.776640454694849,388,3,Moderate Wind
1428,4.234648701956924,265,261,Strong Wind
1429,2.478838854073572,57,261,Moderate Wind
1430,0.6152884938471254,443,144,Low Wind
1431,3.695185395323416,269,85,Moderate Wind
1432,4.365346682417214,244,34,Strong Wind
1433,2.842321634832715,373,53,Moderate Wind
1434,2.132651336141056,0,241,Moderate Wind
1435,3.887243833351034,151,335,Strong Wind
1436,2.4012634621870417,405,160,Moderate Wind
1437,6.956248977786451,110,353,Strong Wind
1438,1.848606621545966,231,240,Moderate Wind
1439,3.8331683693235643,257,79,Strong Wind
1440,4.56146437176865,120,316,Strong Wind
1441,6.202083605533094,409,296,Strong Wind
1442,2.922626858126063,368,10,Moderate Wind
1443,0.5546253802247718,124,6,Low Wind
1444,3.6822198304442106,351,69,Moderate Wind
1445,2.5286350237205117,126,90,Moderate Wind
1446,0.6049102420039152,172,62,Low Wind
1447,3.541530268285949,46,221,Moderate Wind
1448,1.7725368625809335,223,102,Moderate Wind
1449,7.0926711244888985,50,344,Strong Wind
1450,4.980513513638835,281,215,Strong Wind
1451,0.6145473229401983,181,164,Low Wind
1452,0.57667395864448,137,48,Low Wind
1453,0.7090832314925644,151,211,Low Wind
1454,3.7349350059195867,368,153,Moderate Wind
1455,4.74516918236845,278,1,Strong Wind
1456,3.812071932056648,237,76,Strong Wind
1457,0.40731629650868884,174,21,Low Wind
1458,0.9351968330618134,65,80,Low Wind
1459,1.9948815346979611,209,49,Moderate Wind
1460,5.278812344334067,346,196,Strong Wind
1461,6.491990250263782,20,333,Strong Wind
1462,6.808915765888568,132,346,Strong Wind
1463,5.338540034761845,330,189,Strong Wind
1464,0.3704879163430333,163,233,Low Wind
1465,2.3366540595370897,123,77,Moderate Wind
1466,5.275341283749694,315,185,Strong Wind
1467,3.4855680722933027,376,168,Moderate Wind
1468,6.009044101027391,417,348,Strong Wind
1469,0.8261510332458428,24,80,Low Wind
1470,5.432815797645464,334,202,Strong Wind
1471,1.8246662997431713,72,67,Moderate Wind
1472,1.7778747140691908,113,51,Moderate Wind
1473,6.6333563389148,49,334,Strong Wind
1474,2.7197282251721737,28,230,Moderate Wind
1475,5.798541866118864,57,308,Strong Wind
1476,4.828831241995211,283,6,Strong Wind
1477,5.6043382923573555,352,249,Strong Wind
1478,3.905360560767797,298,88,Strong Wind
1479,2.7371579148528276,25,149,Moderate Wind
1480,6.0672834828941,360,349,Strong Wind
1481,2.7002145761253136,9,210,Moderate Wind
1482,5.971245010855268,40,324,Strong Wind
1483,4.178154933138676,319,70,Strong Wind
1484,2.9193282758257135,72,265,Moderate Wind
1485,0.5728049826523623,180,291,Low Wind
1486,3.340336572571098,417,222,Moderate Wind
1487,1.4512154351716746,437,91,Moderate Wind
1488,2.8711557561330325,140,322,Moderate Wind
1489,1.7160113479953107,216,232,Moderate Wind
1490,4.293946545338126,267,218,Strong Wind
1491,0.7143015660839628,115,3,Low Wind
1492,4.180322213272422,315,69,Strong Wind
1493,1.741563660252944,414,107,Moderate Wind
1494,1.2046269923710238,90,19,Low Wind
1495,0.5667444207672131,218,337,Low Wind
1496,1.5268460318135015,417,39,Moderate Wind
1497,1.451821164568431,42,62,Moderate Wind
1498,2.9559701352432874,76,231,Moderate Wind
1499,0.43146993648942344,182,243,Low Wind
1500,0.2813264551381372,158,28,Low Wind
1501,3.9090760583865203,327,114,Strong Wind
1502,2.873928924023862,86,265,Moderate Wind
1503,4.108850865607993,237,66,Strong Wind
1504,0.6212991617278945,212,281,Low Wind
1505,6.298009770782849,61,323,Strong Wind
1506,2.4500718348080452,92,245,Moderate Wind
1507,7.3965100672802695,20,352,Strong Wind
1508,0.7380264507681954,157,291,Low Wind
1509,0.46508961938142,143,73,Low Wind
1510,0.8279286003784009,204,241,Low Wind
1511,7.913276943325903,93,348,Strong Wind
1512,1.2601465859851988,242,296,Low Wind
1513,3.73655285990046,279,152,Moderate Wind
1514,1.1696470024938785,0,73,Low Wind
1515,1.8425623444873258,413,161,Moderate Wind
1516,0.8455732959305344,118,23,Low Wind
1517,0.8429454285176421,203,249,Low Wind
1518,2.0427969089717615,103,254,Moderate Wind
1519,0.4655745015960363,127,160,Low Wind
1520,0.38352149882276393,211,116,Low Wind
1521,3.3630551551749557,3,183,Moderate Wind
1522,4.026954974713378,307,88,Strong Wind
1523,1.5827304912312712,89,222,Moderate Wind
1524,3.028872071432593,27,141,Moderate Wind
1525,2.405161106498206,412,153,Moderate Wind
1526,2.6826457799958585,318,288,Moderate Wind
1527,4.448186233680665,318,275,Strong Wind
1528,0.5255418003218524,180,247,Low Wind
1529,0.5354408493295933,170,59,Low Wind
1530,3.1095639494196536,18,238,Moderate Wind
1531,3.045227987763555,367,18,Moderate Wind
1532,1.4052355211272036,442,91,Low Wind
1533,5.891963399823587,422,311,Strong Wind
1534,0.6848911601309328,176,314,Low Wind
1535,0.34906776354595825,157,274,Low Wind
1536,1.177320846203855,59,177,Low Wind
1537,0.7308874740338019,176,258,Low Wind
1538,2.9067297128480534,142,324,Moderate Wind
1539,3.520137974214171,8,180,Moderate Wind
1540,3.936475262084701,17,185,Strong Wind
1541,0.6216697276301408,167,299,Low Wind
1542,0.6329519370382083,189,333,Low Wind
1543,3.112706487668544,49,199,Moderate Wind
1544,7.840179509482656,98,354,Strong Wind
1545,0.6089437878795373,101,174,Low Wind
1546,2.8547965776158937,68,219,Moderate Wind
1547,1.7137665109490348,57,188,Moderate Wind
1548,5.361134915125751,82,314,Strong Wind
1549,3.9225935424449716,260,259,Strong Wind
1550,4.55706797460742,310,38,Strong Wind
1551,5.556626881879116,393,283,Strong Wind
1552,1.3084779620822176,87,205,Low Wind
1553,4.178691190231549,316,155,Strong Wind
1554,2.6037611985845217,215,35,Moderate Wind
1555,0.4963894467585343,177,21,Low Wind
1556,0.5147865436598764,179,313,Low Wind
1557,5.300668373713704,36,308,Strong Wind
1558,0.5368763701069048,77,2,Low Wind
1559,4.127738333615226,403,235,Strong Wind
1560,5.539006911363887,369,235,Strong Wind
1561,3.751607024580124,385,127,Moderate Wind
1562,1.3187075646659645,176,149,Low Wind
1563,4.39652864601581,299,163,Strong Wind
1564,1.9486528056593289,51,49,Moderate Wind
1565,6.013294229791723,417,309,Strong Wind
1566,5.0315768692941445,35,300,Strong Wind
1567,4.122070176934079,303,60,Strong Wind
1568,1.6922370292150242,232,242,Moderate Wind
1569,4.891062044104114,365,199,Strong Wind
1570,1.3703179116799953,39,29,Low Wind
1571,1.531452932405044,90,222,Moderate Wind
1572,5.1302490101940865,320,344,Strong Wind
1573,5.426859504874837,335,198,Strong Wind
1574,4.266083739829627,247,70,Strong Wind
1575,1.9782137728154885,112,54,Moderate Wind
1576,4.0786434388771315,356,158,Strong Wind
1577,2.8412458175096056,400,149,Moderate Wind
1578,2.0161541040092397,229,186,Moderate Wind
1579,1.1251660498478067,63,179,Low Wind
1580,1.5746730821618817,408,67,Moderate Wind
1581,5.140153178978583,337,183,Strong Wind
1582,0.8522697699818407,105,123,Low Wind
1583,1.112565394925077,216,103,Low Wind
1584,1.4560882946682099,416,171,Moderate Wind
1585,4.379337329047703,306,162,Strong Wind
1586,0.6671274154808741,190,68,Low Wind
1587,0.6891012285395746,40,94,Low Wind
1588,4.201506185617882,307,75,Strong Wind
1589,5.3507222222326005,27,309,Strong Wind
1590,4.203472171843902,23,187,Strong Wind
1591,3.8638093555787094,285,82,Strong Wind
1592,0.5373161455307232,190,103,Low Wind
1593,3.5162714923164926,220,54,Moderate Wind
1594,3.8097296429535192,279,82,Strong Wind
1595,0.7092377662675444,124,13,Low Wind
1596,0.536361411970974,56,129,Low Wind
1597,5.382575638836686,404,258,Strong Wind
1598,2.6780817774426318,240,216,Moderate Wind
1599,5.1335834949907655,275,240,Strong Wind
1600,3.4528688584039027,7,180,Moderate Wind
1601,0.7745973622945196,201,251,Low Wind
1602,2.803606061686105,413,137,Moderate Wind
1603,4.491938435639818,264,27,Strong Wind
1604,2.82068914787666,12,142,Moderate Wind
1605,0.7975463398064025,69,42,Low Wind
1606,2.90732415177067,264,279,Moderate Wind
1607,3.3869983190362576,63,276,Moderate Wind
1608,3.6060701116912357,92,307,Moderate Wind
1609,0.388789541289549,222,354,Low Wind
1610,2.190503703980109,149,325,Moderate Wind
1611,1.1316620248650124,144,289,Low Wind
1612,3.069835672512081,77,237,Moderate Wind
1613,0.15551969972220173,172,33,Low Wind
1614,2.0296173865891083,103,70,Moderate Wind
1615,0.9834406209818863,180,328,Low Wind
1616,4.847905035568455,288,186,Strong Wind
1617,4.928606922796883,430,251,Strong Wind
1618,3.632091349844617,354,41,Moderate Wind
1619,1.0356418115641581,25,110,Low Wind
1620,0.40827723354179296,43,118,Low Wind
1621,7.088978681435317,83,340,Strong Wind
1622,2.9529563527557388,229,226,Moderate Wind
1623,3.56598554283355,354,70,Moderate Wind
1624,0.5104721888177595,126,5,Low Wind
1625,1.343051428219408,167,129,Low Wind
1626,0.4212629634190779,162,84,Low Wind
1627,0.9473861552850283,180,206,Low Wind
1628,5.1140720289612105,52,298,Strong Wind
1629,5.0429845002293465,316,230,Strong Wind
1630,2.8198567273557855,25,132,Moderate Wind
1631,4.641918601537534,28,183,Strong Wind
1632,5.100606189724688,101,317,Strong Wind
1633,4.555688507144977,277,202,Strong Wind
1634,1.439941056552904,387,51,Moderate Wind
1635,1.5820315488382084,412,35,Moderate Wind
1636,3.3390128253763796,65,242,Moderate Wind
1637,1.7287643698297643,413,164,Moderate Wind
1638,5.205691668850977,379,235,Strong Wind
1639,7.7595702752945455,36,353,Strong Wind
1640,5.647886078910816,406,261,Strong Wind
1641,2.3054354626115416,406,190,Moderate Wind
1642,4.679466749015964,369,206,Strong Wind
1643,0.6164326015078371,427,165,Low Wind
1644,0.941995429671353,231,334,Low Wind
1645,3.959973027155277,355,131,Strong Wind
1646,0.8964135694554851,211,155,Low Wind
1647,1.8678216656863464,228,239,Moderate Wind
1648,2.647340271698608,7,240,Moderate Wind
1649,5.259686811896931,316,223,Strong Wind
1650,4.380405546612752,245,31,Strong Wind
1651,1.8173445557435572,0,149,Moderate Wind
1652,0.5460712578029343,181,292,Low Wind
1653,1.627253684698712,441,24,Moderate Wind
1654,0.6413073437473773,124,10,Low Wind
1655,4.550190442546169,258,54,Strong Wind
1656,5.560742763463468,373,249,Strong Wind
1657,5.623453292772134,363,233,Strong Wind
1658,4.086445751267467,412,230,Strong Wind
1659,0.47448918783592275,227,134,Low Wind
1660,1.3269109190317265,390,62,Low Wind
1661,4.416533296765993,245,47,Strong Wind
1662,3.932686310270433,359,151,Strong Wind
1663,4.165541966401442,331,62,Strong Wind
1664,3.9949581429643954,383,204,Strong Wind
1665,5.158788041972152,275,230,Strong Wind
1666,1.3654798660569525,284,347,Low Wind
1667,5.304749676332056,433,255,Strong Wind
1668,3.0235112667826898,297,288,Moderate Wind
1669,1.862483567107419,440,116,Moderate Wind
1670,2.7777078958645713,403,212,Moderate Wind
1671,0.9934463825015544,146,133,Low Wind
1672,3.3294493642409306,275,144,Moderate Wind
1673,0.3120439139120378,155,41,Low Wind
1674,0.8202960492540331,424,177,Low Wind
1675,0.4392967638982712,132,222,Low Wind
1676,1.583750230931908,14,28,Moderate Wind
1677,4.988517741273025,356,313,Strong Wind
1678,1.1445077808412705,134,287,Low Wind
1679,7.913580218711384,46,354,Strong Wind
1680,1.3675195653233658,151,119,Low Wind
1681,2.487852686446092,138,317,Moderate Wind
1682,1.3828920412495223,182,143,Low Wind
1683,2.3056893417058233,425,10,Moderate Wind
1684,4.711088579747254,246,7,Strong Wind
1685,4.013029294472626,283,76,Strong Wind
1686,1.30181119447524,108,33,Low Wind
1687,5.638626211445551,336,214,Strong Wind
1688,3.6183449287919247,373,152,Moderate Wind
1689,3.09408132223877,291,288,Moderate Wind
1690,2.6666543472547506,35,257,Moderate Wind
1691,0.38988215570114826,129,229,Low Wind
1692,2.3117256493754046,403,80,Moderate Wind
1693,2.9549447310050723,371,75,Moderate Wind
1694,4.480346082055681,321,19,Strong Wind
1695,5.350401926836699,47,305,Strong Wind
1696,7.287588902882244,14,349,Strong Wind
1697,4.756909723056344,362,188,Strong Wind
1698,1.257434438810693,213,81,Low Wind
1699,2.41681683257821,408,156,Moderate Wind
1700,2.1217271777623163,221,78,Moderate Wind
1701,3.2251526904887635,251,192,Moderate Wind
1702,1.1525201928706261,214,98,Low Wind
1703,3.5663138349852295,266,204,Moderate Wind
1704,1.4848556624987748,269,338,Moderate Wind
1705,3.290332291686888,381,310,Moderate Wind
1706,1.1270203409137074,230,301,Low Wind
1707,1.5518067577812156,92,61,Moderate Wind
1708,0.43121280179604,161,58,Low Wind
1709,5.729861512508246,439,316,Strong Wind
1710,0.48046972786058056,198,307,Low Wind
1711,4.972019475298371,394,250,Strong Wind
1712,5.272226188395714,374,265,Strong Wind
1713,4.659672930222225,361,185,Strong Wind
1714,2.8169226132906577,213,8,Moderate Wind
1715,3.5677992914253993,261,265,Moderate Wind
1716,1.1368087111416634,4,49,Low Wind
1717,2.3143323548469663,399,88,Moderate Wind
1718,0.666814323911074,209,278,Low Wind
1719,2.7250171946090727,259,203,Moderate Wind
1720,0.3900742072755003,155,238,Low Wind
1721,1.4058101146715374,417,67,Low Wind
1722,2.1806701565008537,245,206,Moderate Wind
1723,1.4452375818773602,141,107,Moderate Wind
1724,2.5119310650534943,47,232,Moderate Wind
1725,0.473631139237058,147,48,Low Wind
1726,0.7823714229087697,82,171,Low Wind
1727,3.790572551037619,350,32,Strong Wind
1728,0.7153374766282278,192,25,Low Wind
1729,4.315148470253707,334,23,Strong Wind
1730,0.6750226768162448,96,160,Low Wind
1731,4.5667010839252695,246,58,Strong Wind
1732,1.1150410005564695,126,60,Low Wind
1733,2.8656318971114962,70,271,Moderate Wind
1734,1.6793867355924106,60,192,Moderate Wind
1735,1.620813423891523,430,219,Moderate Wind
1736,3.013634229701743,8,136,Moderate Wind
1737,7.86154264391543,80,349,Strong Wind
1738,4.369714966939832,264,62,Strong Wind
1739,0.3355879564688587,122,138,Low Wind
1740,4.1602305658627445,369,121,Strong Wind
1741,3.7165687121440043,362,94,Moderate Wind
1742,3.469759726873457,17,242,Moderate Wind
1743,3.89423778273955,338,85,Strong Wind
1744,0.4252327070541274,159,227,Low Wind
1745,0.5930388003468015,152,186,Low Wind
1746,1.3487051085126331,117,105,Low Wind
1747,2.619176354870886,236,190,Moderate Wind
1748,5.1437819620341,296,199,Strong Wind
1749,3.149608356792549,399,124,Moderate Wind
1750,1.1084476161680075,189,155,Low Wind
1751,2.96707958622301,3,177,Moderate Wind
1752,1.1011305525334365,110,20,Low Wind
1753,3.5555718412604596,27,265,Moderate Wind
1754,7.840081098600538,96,348,Strong Wind
1755,3.3179220480533633,386,185,Moderate Wind
1756,3.1824223021298668,388,146,Moderate Wind
1757,5.806276113450657,349,347,Strong Wind
1758,0.7522318180609335,73,138,Low Wind
1759,4.124064374404998,390,226,Strong Wind
1760,2.788289371657683,259,273,Moderate Wind
1761,3.6774146770381337,45,216,Moderate Wind
1762,1.1049583086473849,130,281,Low Wind
1763,4.659939848826957,364,277,Strong Wind
1764,1.8343686762884186,100,42,Moderate Wind
1765,0.9826089965525031,109,121,Low Wind
1766,0.6641500684315947,103,152,Low Wind
1767,5.512205759620018,369,262,Strong Wind
1768,1.597099408620919,422,38,Moderate Wind
1769,2.359008045773216,12,231,Moderate Wind
1770,0.7251690014010833,174,217,Low Wind
1771,1.4261363692244822,87,46,Low Wind
1772,0.5860511332299603,103,194,Low Wind
1773,0.6986918697390189,213,108,Low Wind
1774,0.6381056901299186,171,282,Low Wind
1775,0.6744365293815531,192,52,Low Wind
1776,2.1427049430538836,317,298,Moderate Wind
1777,5.173529597140673,301,184,Strong Wind
1778,1.6574385174920914,431,28,Moderate Wind
1779,2.3140944141020987,256,138,Moderate Wind
1780,4.709894447198069,264,1,Strong Wind
1781,1.6242340212357305,42,239,Moderate Wind
1782,4.602790610958991,252,58,Strong Wind
1783,2.6711613057549686,248,197,Moderate Wind
1784,2.010503921394283,26,20,Moderate Wind
1785,6.223654131033645,405,296,Strong Wind
1786,4.015360913130563,267,75,Strong Wind
1787,0.7648770929742951,83,145,Low Wind
1788,2.328210665716516,414,125,Moderate Wind
1789,3.1482764490002877,380,310,Moderate Wind
1790,3.07290647357549,85,291,Moderate Wind
1791,2.00612660164365,413,182,Moderate Wind
1792,5.337037058854034,376,236,Strong Wind
1793,3.5906193514647766,13,262,Moderate Wind
1794,0.8237051404413444,161,207,Low Wind
1795,1.9113966852347084,55,52,Moderate Wind
1796,4.638561553971812,241,15,Strong Wind
1797,0.4128604744702141,151,161,Low Wind
1798,1.282375091103836,245,309,Low Wind
1799,1.9696233723616297,126,72,Moderate Wind
1800,0.3614002359349907,185,306,Low Wind
1801,6.478002406102376,55,334,Strong Wind
1802,5.508762992285292,341,277,Strong Wind
1803,3.3566298265925436,264,153,Moderate Wind
1804,4.244234490164739,325,157,Strong Wind
1805,1.3362188790873268,417,169,Low Wind
1806,3.075141353326107,33,260,Moderate Wind
1807,3.743786774763487,281,84,Moderate Wind
1808,0.897838739650963,4,29,Low Wind
1809,3.201592222006018,386,150,Moderate Wind
1810,6.22797874002907,39,331,Strong Wind
1811,4.198180296352396,283,162,Strong Wind
1812,4.69510059978878,285,179,Strong Wind
1813,0.7597663473193499,244,353,Low Wind
1814,2.555589819690003,397,112,Moderate Wind
1815,0.9293969117391151,29,66,Low Wind
1816,0.34786246266037274,149,79,Low Wind
1817,0.8937376577548948,276,316,Low Wind
1818,0.7239834393827584,84,175,Low Wind
1819,2.5865216806198874,230,99,Moderate Wind
1820,0.5690879876160011,76,114,Low Wind
1821,0.5129809908077251,180,294,Low Wind
1822,6.152122770915244,402,291,Strong Wind
1823,0.40245478481798413,143,169,Low Wind
1824,0.7673564467051882,117,15,Low Wind
1825,1.6299921817191325,444,14,Moderate Wind
1826,2.3664174314854862,389,79,Moderate Wind
1827,1.061759673829875,143,285,Low Wind
1828,4.650008862100106,335,305,Strong Wind
1829,0.5650579383922408,181,82,Low Wind
1830,5.843260089260814,317,255,Strong Wind
1831,1.2955622804982732,256,310,Low Wind
1832,1.9253370543375836,253,275,Moderate Wind
1833,5.623227039275091,439,305,Strong Wind
1834,0.9028292498886745,197,152,Low Wind
1835,6.2598634304140175,404,337,Strong Wind
1836,3.762572664086615,107,303,Moderate Wind
1837,4.718471530487253,260,1,Strong Wind
1838,2.346202458178145,87,237,Moderate Wind
1839,3.8506705115356987,25,278,Strong Wind
1840,4.334097800121492,413,238,Strong Wind
1841,3.9959189623814666,329,81,Strong Wind
1842,1.6314014027593635,85,67,Moderate Wind
1843,0.27523511042358545,202,117,Low Wind
1844,4.3710797647045485,266,60,Strong Wind
1845,4.4965747325008225,47,289,Strong Wind
1846,5.094176104680062,402,254,Strong Wind
1847,3.3998701383789727,24,243,Moderate Wind
1848,4.653963253847361,423,246,Strong Wind
1849,0.430074109906797,148,37,Low Wind
1850,5.512205759620018,369,262,Strong Wind
1851,1.0511743633066868,200,61,Low Wind
1852,5.81449376792812,39,321,Strong Wind
1853,0.5011693288488164,123,209,Low Wind
1854,0.3058459380490212,170,95,Low Wind
1855,0.685311672676026,148,202,Low Wind
1856,5.509159811846223,346,252,Strong Wind
1857,7.449240983894867,96,342,Strong Wind
1858,3.283315173726844,292,286,Moderate Wind
1859,4.19730899050943,377,191,Strong Wind
1860,5.987148927675382,422,316,Strong Wind
1861,6.26954373994356,406,304,Strong Wind
1862,1.3272849476210318,138,300,Low Wind
1863,0.7488283069218957,199,83,Low Wind
1864,6.883033306620121,33,343,Strong Wind
1865,3.7493446230596765,353,85,Moderate Wind
1866,5.79416175063082,299,241,Strong Wind
1867,3.3345910611740233,302,124,Moderate Wind
1868,5.507381250520935,309,239,Strong Wind
1869,2.7453347271398716,398,115,Moderate Wind
1870,0.589708983090214,168,63,Low Wind
1871,4.359404563874495,246,38,Strong Wind
1872,0.3631694147926447,139,152,Low Wind
1873,6.104210451397305,401,305,Strong Wind
1874,5.333231957529688,316,188,Strong Wind
1875,0.43397611827401117,123,151,Low Wind
1876,0.9865510627799629,433,195,Low Wind
1877,7.830282779332929,79,349,Strong Wind
1878,3.9960706520782168,279,158,Strong Wind
1879,6.300487901043644,386,343,Strong Wind
1880,5.947548246752387,399,292,Strong Wind
1881,0.5569982437844339,157,184,Low Wind
1882,0.5037093474057236,224,344,Low Wind
1883,5.0846611354588145,348,297,Strong Wind
1884,1.3673996223340208,422,61,Low Wind
1885,5.418776776371764,337,202,Strong Wind
1886,3.6238890751912884,17,263,Moderate Wind
1887,2.3998543991954557,177,347,Moderate Wind
1888,5.774129053832939,311,250,Strong Wind
1889,0.8133415515300237,155,291,Low Wind
1890,0.6604057149283484,194,269,Low Wind
1891,2.9715159515839504,367,14,Moderate Wind
1892,4.2174825771663444,321,157,Strong Wind
1893,4.234556603837913,379,205,Strong Wind
1894,5.1906078201203085,396,264,Strong Wind
1895,0.41943953762274705,153,240,Low Wind
1896,3.6625573060892322,348,52,Moderate Wind
1897,2.6969529430187458,252,160,Moderate Wind
1898,2.506263688343832,157,332,Moderate Wind
1899,0.6175892530047393,76,22,Low Wind
1900,4.0672338500085425,22,188,Strong Wind
1901,4.406480969880438,268,52,Strong Wind
1902,1.5479188632770238,15,30,Moderate Wind
1903,3.8564024518599047,354,93,Strong Wind
1904,2.4608639439463853,247,216,Moderate Wind
1905,7.2768801000547345,53,347,Strong Wind
1906,0.3872597398793837,110,212,Low Wind
1907,2.5398359930202883,122,91,Moderate Wind
1908,6.361883354790792,108,332,Strong Wind
1909,0.8289506968408888,137,70,Low Wind
1910,2.94113800292635,31,252,Moderate Wind
1911,1.3118103944760329,179,339,Low Wind
1912,4.563113289778189,24,292,Strong Wind
1913,2.3706294731901663,257,208,Moderate Wind
1914,2.915786680162039,3,124,Moderate Wind
1915,4.485916921196034,264,30,Strong Wind
1916,2.085570379432841,23,0,Moderate Wind
1917,0.9595144400691972,118,37,Low Wind
1918,4.836706468762654,37,296,Strong Wind
1919,0.34910665309045785,173,49,Low Wind
1920,2.391558866079512,252,121,Moderate Wind
1921,5.02500763096033,318,346,Strong Wind
1922,1.0983044390570413,16,45,Low Wind
1923,2.3753877174169706,248,215,Moderate Wind
1924,0.3954214587014057,144,168,Low Wind
1925,1.4211429239966167,75,82,Low Wind
1926,6.2430394624522565,390,345,Strong Wind
1927,4.305833328709069,336,158,Strong Wind
1928,0.5716242552457855,68,97,Low Wind
1929,5.355487608008412,392,287,Strong Wind
1930,3.219985965980458,396,121,Moderate Wind
1931,4.3549837730793675,406,240,Strong Wind
1932,0.3293913048403958,169,19,Low Wind
1933,1.4837931098451436,166,135,Moderate Wind
1934,0.7525782865297608,137,68,Low Wind
1935,5.757724303280834,76,327,Strong Wind
1936,0.6776045263676543,188,267,Low Wind
1937,4.178749946076312,302,72,Strong Wind
1938,1.2716800864664919,264,332,Low Wind
1939,3.120867124951398,295,120,Moderate Wind
1940,3.698467151405972,371,150,Moderate Wind
1941,1.8877617416334342,251,137,Moderate Wind
1942,2.4306902474943852,418,145,Moderate Wind
1943,6.013877712268957,355,336,Strong Wind
1944,2.804804250477115,29,224,Moderate Wind
1945,0.8659296065564106,211,154,Low Wind
1946,2.166723063193491,107,55,Moderate Wind
1947,6.312447689563863,374,348,Strong Wind
1948,0.6986918697390189,213,108,Low Wind
1949,4.644537843578112,282,32,Strong Wind
1950,3.5625594904203326,125,311,Moderate Wind
1951,3.340082564020914,71,244,Moderate Wind
1952,4.027036885304969,367,177,Strong Wind
1953,3.8571011542061866,370,139,Strong Wind
1954,5.176908439296622,326,235,Strong Wind
1955,2.9670941872588172,376,83,Moderate Wind
1956,4.302375676186116,363,179,Strong Wind
1957,2.2962212952084737,254,125,Moderate Wind
1958,5.452519644315427,336,323,Strong Wind
1959,4.928242117251484,338,296,Strong Wind
1960,0.6491453007081074,139,194,Low Wind
1961,4.185962614909304,336,31,Strong Wind
1962,2.7325914288406623,385,94,Moderate Wind
1963,3.5644984046934804,269,89,Moderate Wind
1964,3.881147996305268,327,101,Strong Wind
1965,4.522770211609769,325,168,Strong Wind
1966,2.4427374816608527,395,18,Moderate Wind
1967,4.480378538070624,295,166,Strong Wind
1968,4.023433892659999,336,74,Strong Wind
1969,0.9578459689916445,206,353,Low Wind
1970,5.651590091130965,71,330,Strong Wind
1971,1.6665298119860321,101,36,Moderate Wind
1972,3.833660607308113,323,110,Strong Wind
1973,0.7065359101176353,89,171,Low Wind
1974,5.378939805888184,0,302,Strong Wind
1975,3.934213163113851,320,93,Strong Wind
1976,1.8039609236279859,436,3,Moderate Wind
1977,1.6973642187873041,235,120,Moderate Wind
1978,3.4129293788488884,32,199,Moderate Wind
1979,3.210858378423111,44,271,Moderate Wind
1980,3.517632846703328,4,194,Moderate Wind
1981,1.4579203503690263,90,51,Moderate Wind
1982,1.6253545061924297,405,40,Moderate Wind
1983,1.8993170963861048,381,58,Moderate Wind
1984,0.5853222603671511,186,253,Low Wind
1985,1.135887276223855,206,184,Low Wind
1986,1.8522790830099638,429,133,Moderate Wind
1987,2.6679623998935913,442,242,Moderate Wind
1988,6.422239589206945,415,280,Strong Wind
1989,3.8877502137984687,290,84,Strong Wind
1990,3.024870375473928,6,174,Moderate Wind
1991,5.296391728249018,292,218,Strong Wind
1992,4.805489850275942,365,318,Strong Wind
1993,1.26460263279969,246,317,Low Wind
1994,3.5566627354082105,246,230,Moderate Wind
1995,5.462414921251602,369,232,Strong Wind
1996,3.341901955297372,291,285,Moderate Wind
1997,3.3753197334047202,392,120,Moderate Wind
1998,3.439661778436077,302,103,Moderate Wind
1999,1.2471130863247715,59,181,Low Wind
2000,4.560412747371698,229,25,Strong Wind
2001,4.65553495213726,300,11,Strong Wind
2002,3.07262113604693,372,0,Moderate Wind
2003,4.338586721397984,57,285,Strong Wind
2004,4.7141520502294165,268,2,Strong Wind
2005,4.81076467106657,230,6,Strong Wind
2006,4.7243525922829654,284,201,Strong Wind
2007,6.950807792864429,103,338,Strong Wind
2008,3.0375223176229986,73,278,Moderate Wind
2009,3.011907862979236,139,322,Moderate Wind
2010,3.2719153143832838,71,249,Moderate Wind
2011,3.167637259983823,265,277,Moderate Wind
2012,1.8450793379159791,49,242,Moderate Wind
2013,3.0577331691090337,217,26,Moderate Wind
2014,0.7879003752846023,161,298,Low Wind
2015,3.2649385542726255,372,39,Moderate Wind
2016,5.086348077644584,377,229,Strong Wind
2017,1.2134178288736643,101,227,Low Wind
2018,4.2384171154690735,272,65,Strong Wind
2019,1.4309024713282694,426,79,Low Wind
2020,5.01386233711655,317,317,Strong Wind
2021,1.4753384306791377,428,206,Moderate Wind
2022,3.383176533463477,272,147,Moderate Wind
2023,0.4481279211579087,196,228,Low Wind
2024,3.265936666083918,240,93,Moderate Wind
2025,4.43913030397567,285,42,Strong Wind
2026,0.9069223586026866,60,163,Low Wind
2027,2.6530033889538998,55,237,Moderate Wind
2028,0.4277231519460654,181,91,Low Wind
2029,5.703976665628759,368,252,Strong Wind
2030,0.6673562010893304,146,197,Low Wind
2031,3.886533683260515,340,91,Strong Wind
2032,2.289359167529484,423,17,Moderate Wind
2033,1.9601724448273439,210,67,Moderate Wind
2034,4.203321067785224,39,187,Strong Wind
2035,2.1071820073639413,416,153,Moderate Wind
2036,5.254680788892062,28,306,Strong Wind
2037,1.111041931695745,130,284,Low Wind
2038,1.4861542230583786,45,243,Moderate Wind
2039,5.5783106454090055,341,349,Strong Wind
2040,0.5518646479457026,195,285,Low Wind
2041,2.66316672699815,21,228,Moderate Wind
2042,2.6018114463762525,399,171,Moderate Wind
2043,1.2752570047273535,247,316,Low Wind
2044,0.925895287817922,63,165,Low Wind
2045,2.8797020481268327,65,214,Moderate Wind
2046,4.777252436424887,284,207,Strong Wind
2047,3.8466843871169774,324,112,Strong Wind
2048,0.4140862881200424,147,255,Low Wind
2049,2.8407231364183803,267,130,Moderate Wind
2050,4.7609988675353065,303,171,Strong Wind
2051,0.8158040691323358,105,221,Low Wind
2052,4.54373055188669,341,169,Strong Wind
2053,1.0504777943958847,149,291,Low Wind
2054,1.906228947421751,110,276,Moderate Wind
2055,0.6386362217243687,87,141,Low Wind
2056,1.3831528981519425,258,299,Low Wind
2057,5.62824771762816,364,234,Strong Wind
2058,0.9328975141533491,78,28,Low Wind
2059,2.4319509619107804,213,44,Moderate Wind
2060,3.8156543383098733,294,149,Strong Wind
2061,0.6157633697935424,185,325,Low Wind
2062,1.0634232466097098,170,318,Low Wind
2063,1.3655107700621993,427,77,Low Wind
2064,3.884971946370399,362,155,Strong Wind
2065,5.095069013076938,320,317,Strong Wind
2066,3.149826552601423,364,60,Moderate Wind
2067,1.8391559302811646,46,258,Moderate Wind
2068,6.284875737593486,397,340,Strong Wind
2069,2.367011793513939,185,354,Moderate Wind
2070,0.8673315611956655,199,51,Low Wind
2071,1.121692420681922,0,78,Low Wind
2072,0.5194896354547791,176,114,Low Wind
2073,3.3673380147901186,103,301,Moderate Wind
2074,4.175093092510474,335,136,Strong Wind
2075,4.574489419308996,311,167,Strong Wind
2076,2.3947397016785414,100,264,Moderate Wind
2077,1.3575364297678454,176,148,Low Wind
2078,1.0966758310135916,20,96,Low Wind
2079,2.7300008044372883,233,100,Moderate Wind
2080,2.8417591730641956,20,207,Moderate Wind
2081,3.171580582871345,242,96,Moderate Wind
2082,1.914281835217372,381,59,Moderate Wind
2083,7.376130470073797,8,348,Strong Wind
2084,0.5295080836743138,222,143,Low Wind
2085,0.8394342013819659,46,86,Low Wind
2086,4.190715042637108,322,139,Strong Wind
2087,0.6085475528108386,65,124,Low Wind
2088,4.851249959218068,288,248,Strong Wind
2089,3.7684868245432144,385,195,Moderate Wind
2090,3.990454764722442,127,317,Strong Wind
2091,0.6963016783368066,150,194,Low Wind
2092,6.237633897338964,402,342,Strong Wind
2093,0.6684588526159887,219,283,Low Wind
2094,2.504661086234208,26,153,Moderate Wind
2095,3.433970812864517,286,141,Moderate Wind
2096,1.0563184021988712,9,50,Low Wind
2097,5.29887647519806,42,306,Strong Wind
2098,4.080869912123056,120,311,Strong Wind
2099,1.5593546585646305,430,218,Moderate Wind
2100,3.011368782254471,391,150,Moderate Wind
2101,4.263157521078281,369,184,Strong Wind
2102,0.4745659196547976,153,256,Low Wind
2103,1.9096199850071076,398,40,Moderate Wind
2104,2.7207275648317726,93,268,Moderate Wind
2105,5.522988514929337,74,309,Strong Wind
2106,1.0523078346677273,195,349,Low Wind
2107,2.397721370636759,397,16,Moderate Wind
2108,2.8803632430111326,404,129,Moderate Wind
2109,0.6361731873967665,202,277,Low Wind
2110,0.41874959020097097,58,116,Low Wind
2111,0.6299505602415328,177,250,Low Wind
2112,1.618134702321029,48,254,Moderate Wind
2113,3.1799521582901935,5,131,Moderate Wind
2114,1.109864325202638,123,111,Low Wind
2115,0.5263677952657124,181,293,Low Wind
2116,4.096596561749466,292,77,Strong Wind
2117,2.066646543192913,98,244,Moderate Wind
2118,2.3497049159085757,220,219,Moderate Wind
2119,0.6240497846710565,90,142,Low Wind
2120,5.5189873762175985,292,224,Strong Wind
2121,1.242480567533357,91,18,Low Wind
2122,0.5403971288247469,200,228,Low Wind
2123,4.967725861742606,360,211,Strong Wind
2124,1.0151588348092628,4,26,Low Wind
2125,1.13123083562742,160,317,Low Wind
2126,0.7052912861505538,127,50,Low Wind
2127,4.7753232803710945,63,292,Strong Wind
2128,0.502958370351881,59,104,Low Wind
2129,3.109300505210803,79,247,Moderate Wind
2130,0.5167117006780212,115,151,Low Wind
2131,5.415881685867066,323,202,Strong Wind
2132,3.722510612000599,228,58,Moderate Wind
2133,2.813560138387651,21,162,Moderate Wind
2134,2.135279175694487,235,165,Moderate Wind
2135,3.7670741614570535,310,2,Moderate Wind
2136,0.8615647603573762,86,13,Low Wind
2137,3.7505191271835114,292,148,Moderate Wind
2138,0.916096985500416,288,312,Low Wind
2139,4.116916033890998,335,122,Strong Wind
2140,3.255240707703781,293,281,Moderate Wind
2141,0.6345931146091892,193,279,Low Wind
2142,5.412374811354726,347,316,Strong Wind
2143,3.0849074517430655,264,104,Moderate Wind
2144,2.183973628017743,421,211,Moderate Wind
2145,0.6648438256732464,193,264,Low Wind
2146,1.97088152294969,420,94,Moderate Wind
2147,0.9262712229702388,85,187,Low Wind
2148,0.6191385404922835,196,42,Low Wind
2149,6.23738253682574,403,286,Strong Wind
2150,0.5716371856266446,193,285,Low Wind
2151,4.020619687933387,306,147,Strong Wind
2152,2.544443133370659,250,117,Moderate Wind
2153,1.1534528380735085,50,4,Low Wind
2154,5.685971630697423,360,234,Strong Wind
2155,2.4235121355291254,10,122,Moderate Wind
2156,5.53898561709318,326,223,Strong Wind
2157,2.7967628537174067,394,187,Moderate Wind
2158,5.410950731237035,280,228,Strong Wind
2159,1.2540466554134286,162,324,Low Wind
2160,7.2104490384472255,144,354,Strong Wind
2161,5.664839607811238,355,258,Strong Wind
2162,1.0135743382701536,282,302,Low Wind
2163,4.833338969588716,268,231,Strong Wind
2164,0.55346952973874,152,281,Low Wind
2165,1.3778674445313144,255,298,Low Wind
2166,3.609644158148411,65,280,Moderate Wind
2167,4.153702335251271,303,57,Strong Wind
2168,1.6089694720151828,418,51,Moderate Wind
2169,0.6013362025350315,169,278,Low Wind
2170,1.1678735767291015,435,219,Low Wind
2171,4.56146437176865,120,316,Strong Wind
2172,3.8119465598562625,265,81,Strong Wind
2173,4.042783701468391,344,112,Strong Wind
2174,1.9731571848185405,26,9,Moderate Wind
2175,0.5274160896548741,184,89,Low Wind
2176,3.0073252847323464,86,280,Moderate Wind
2177,6.314465366258511,372,346,Strong Wind
2178,3.211616606513439,367,24,Moderate Wind
2179,0.5409561010489113,176,245,Low Wind
2180,5.957445762600014,84,324,Strong Wind
2181,2.951193940519665,74,277,Moderate Wind
2182,0.521672563710211,141,263,Low Wind
2183,4.477687420994301,257,246,Strong Wind
2184,1.0810296813991636,23,99,Low Wind
2185,2.9377222982833775,143,325,Moderate Wind
2186,7.110028521948465,53,345,Strong Wind
2187,1.361287130601478,63,190,Low Wind
2188,2.8301488064839644,401,149,Moderate Wind
2189,1.8337111295291357,38,250,Moderate Wind
2190,5.119086108621645,297,186,Strong Wind
2191,3.0467631020916666,85,281,Moderate Wind
2192,0.5869811240273485,443,186,Low Wind
2193,4.501624742724686,266,34,Strong Wind
2194,0.8020634888776712,196,64,Low Wind
2195,4.118844333392337,343,121,Strong Wind
2196,2.220152960224716,53,261,Moderate Wind
2197,4.174548419669614,330,44,Strong Wind
2198,2.8993155654078997,370,8,Moderate Wind
2199,5.268820054661872,381,258,Strong Wind
2200,0.6268841768679705,173,63,Low Wind
2201,2.4624377474629915,390,83,Moderate Wind
2202,0.9299434886003637,8,41,Low Wind
2203,3.759115874107567,274,266,Moderate Wind
2204,2.0572616355666087,27,34,Moderate Wind
2205,4.113951864754672,289,61,Strong Wind
2206,2.3871795146623582,227,210,Moderate Wind
2207,3.869379675265449,360,140,Strong Wind
2208,0.4878814577336544,61,107,Low Wind
2209,7.196561576171393,32,347,Strong Wind
2210,2.939745464563934,372,52,Moderate Wind
2211,4.597228745506595,258,10,Strong Wind
2212,3.1800511900263415,263,101,Moderate Wind
2213,0.3276501519498825,153,271,Low Wind
2214,0.4264231646151683,143,239,Low Wind
2215,2.2368858473117608,112,286,Moderate Wind
2216,4.614802901391027,300,168,Strong Wind
2217,0.4629029523261373,91,129,Low Wind
2218,1.2343870800896264,43,138,Low Wind
2219,3.9701673905747668,341,36,Strong Wind
2220,5.785887354868585,302,241,Strong Wind
2221,3.8296818564420723,382,289,Strong Wind
2222,0.48691818247505503,109,142,Low Wind
2223,6.028843510324079,381,326,Strong Wind
2224,3.175352425635681,376,91,Moderate Wind
2225,0.6860768883745174,94,162,Low Wind
2226,2.859384049336953,40,265,Moderate Wind
2227,2.6117594502888526,418,136,Moderate Wind
2228,0.6047615100951407,145,141,Low Wind
2229,1.1742677803907704,227,268,Low Wind
2230,0.8929456390149403,85,186,Low Wind
2231,2.221835214648448,406,14,Moderate Wind
2232,2.60004916813641,382,16,Moderate Wind
2233,1.6062453955588702,257,340,Moderate Wind
2234,6.3475373735334015,403,325,Strong Wind
2235,0.41172352264948825,132,156,Low Wind
2236,3.5263345914166315,281,90,Moderate Wind
2237,2.037110423845795,31,41,Moderate Wind
2238,3.7456660632817345,363,97,Moderate Wind
2239,0.6600742342402063,130,48,Low Wind
2240,3.1060687392494732,390,146,Moderate Wind
2241,4.558687748676948,304,254,Strong Wind
2242,1.5282839606101388,259,293,Moderate Wind
2243,4.613832199873602,227,16,Strong Wind
2244,4.467505810940867,282,41,Strong Wind
2245,2.666066848438728,68,214,Moderate Wind
2246,5.5234235938548855,336,329,Strong Wind
2247,3.7818556322098984,311,4,Strong Wind
2248,0.5725889511021879,149,7,Low Wind
2249,5.198280093453024,160,346,Strong Wind
2250,2.898775558841881,241,235,Moderate Wind
2251,1.4925960504951048,23,45,Moderate Wind
2252,0.8442107829440972,77,168,Low Wind
2253,1.3067942386115532,233,254,Low Wind
2254,2.6322743945940736,95,271,Moderate Wind
2255,2.284282273003982,380,305,Moderate Wind
2256,6.1358266122941325,56,313,Strong Wind
2257,1.005198781791425,16,58,Low Wind
2258,7.378810386262906,33,349,Strong Wind
2259,0.6715159288232178,55,136,Low Wind
2260,6.800446320213821,133,346,Strong Wind
2261,0.45870072693005526,155,280,Low Wind
2262,1.742637815196931,414,104,Moderate Wind
2263,2.8074806197296014,24,233,Moderate Wind
2264,5.742923618077996,432,299,Strong Wind
2265,2.739278700289446,24,213,Moderate Wind
2266,2.325980876905502,421,16,Moderate Wind
2267,3.2098368861960016,273,103,Moderate Wind
2268,0.5590189808058031,86,136,Low Wind
2269,2.4172137882259968,291,293,Moderate Wind
2270,1.2987018005429076,142,306,Low Wind
2271,1.0501602168178974,218,188,Low Wind
2272,1.3318105223976926,138,86,Low Wind
2273,1.5569756566306432,411,56,Moderate Wind
2274,3.628679460448968,367,287,Moderate Wind
2275,5.273005752167364,300,191,Strong Wind
2276,0.7946860210324402,202,83,Low Wind
2277,0.6936650567058009,178,270,Low Wind
2278,0.4736870423195555,72,15,Low Wind
2279,1.021571624980261,230,294,Low Wind
2280,3.154677178130078,391,191,Moderate Wind
2281,4.458547330696677,162,344,Strong Wind
2282,1.408470992399586,87,30,Low Wind
2283,1.8687377980545206,38,238,Moderate Wind
2284,0.5851285525643253,182,175,Low Wind
2285,4.247563910071091,331,152,Strong Wind
2286,0.7013195932871826,195,72,Low Wind
2287,5.571053529270501,338,333,Strong Wind
2288,2.9843276746749705,318,286,Moderate Wind
2289,5.735233965584544,358,256,Strong Wind
2290,5.8165356056991255,329,270,Strong Wind
2291,1.5938419485815132,425,34,Moderate Wind
2292,1.127995856487944,153,300,Low Wind
2293,3.3327389261580747,290,285,Moderate Wind
2294,1.9069445520517114,442,121,Moderate Wind
2295,1.0350460635618814,143,284,Low Wind
2296,1.466006133780675,255,292,Moderate Wind
2297,0.7790312172666297,236,345,Low Wind
2298,4.050405295903215,309,144,Strong Wind
2299,2.7283698395148503,77,227,Moderate Wind
2300,2.8577104591800695,240,220,Moderate Wind
2301,1.2981577699984121,154,112,Low Wind
2302,1.4786254415635185,435,36,Moderate Wind
2303,0.37755115819834695,62,30,Low Wind
2304,4.237258129679745,283,163,Strong Wind
2305,0.8498588375483241,94,197,Low Wind
2306,4.5536915320235885,247,53,Strong Wind
2307,1.339829315623405,148,316,Low Wind
2308,4.7218877951444185,231,18,Strong Wind
2309,4.919663211442189,351,299,Strong Wind
2310,1.0990202336438217,154,311,Low Wind
2311,1.55369842689382,78,206,Moderate Wind
2312,5.531966797196904,372,240,Strong Wind
2313,1.0014931488027676,443,227,Low Wind
2314,1.2934277563668888,99,0,Low Wind
2315,4.059379049929879,344,136,Strong Wind
2316,5.660952252022787,336,235,Strong Wind
2317,0.7587121360838291,196,54,Low Wind
2318,1.0734514979274663,52,159,Low Wind
2319,1.2526912929198217,63,49,Low Wind
2320,2.219132698412767,250,213,Moderate Wind
2321,1.2260870293610138,177,136,Low Wind
2322,3.7301301432335823,348,43,Moderate Wind
2323,5.357637550496549,342,203,Strong Wind
2324,4.4708315085470725,275,203,Strong Wind
2325,4.926611265297029,265,239,Strong Wind
2326,1.025414718947985,212,256,Low Wind
2327,1.9017182454080013,100,46,Moderate Wind
2328,1.9887558047505405,109,276,Moderate Wind
2329,3.4086490479704823,295,100,Moderate Wind
2330,0.6069272217848161,143,1,Low Wind
2331,0.6518963172552961,143,196,Low Wind
2332,2.0642424181568884,85,227,Moderate Wind
2333,2.831752839750644,16,128,Moderate Wind
2334,4.3403016003342945,307,161,Strong Wind
2335,4.8490616560154445,304,173,Strong Wind
2336,2.185792421236853,233,237,Moderate Wind
2337,3.6674625394125973,307,130,Moderate Wind
2338,2.508356030091126,265,284,Moderate Wind
2339,3.11118359717123,375,40,Moderate Wind
2340,0.75107814254003,84,145,Low Wind
2341,6.256273964253025,429,272,Strong Wind
2342,3.255499386584023,285,104,Moderate Wind
2343,4.489694588634802,263,24,Strong Wind
2344,0.8851004022199416,192,138,Low Wind
2345,5.921888378889091,332,264,Strong Wind
2346,0.6053885173766242,199,279,Low Wind
2347,5.333155489902293,104,319,Strong Wind
2348,2.968634076856332,82,279,Moderate Wind
2349,5.187033835657564,324,183,Strong Wind
2350,3.545575225119035,301,257,Moderate Wind
2351,2.5322389400941483,242,115,Moderate Wind
2352,0.4865590510851442,209,287,Low Wind
2353,3.6358804951486854,315,121,Moderate Wind
2354,0.28475991770774833,203,117,Low Wind
2355,0.5724509655181688,149,8,Low Wind
2356,0.989616950213173,432,193,Low Wind
2357,2.2751551688503597,405,169,Moderate Wind
2358,2.6413397915268804,368,295,Moderate Wind
2359,4.420677881608884,284,43,Strong Wind
2360,2.9534687134772595,238,100,Moderate Wind
2361,3.4490346087678914,384,141,Moderate Wind
2362,5.579996583762555,337,278,Strong Wind
2363,3.538863138351256,268,90,Moderate Wind
2364,0.6137300793721205,144,185,Low Wind
2365,1.2753379356247008,288,348,Low Wind
2366,0.6763917906062941,190,215,Low Wind
2367,0.30003180927730433,193,320,Low Wind
2368,1.1946461495045133,179,153,Low Wind
2369,0.7288644043274332,199,43,Low Wind
2370,0.7740181743127336,198,74,Low Wind
2371,3.2827594155790085,293,256,Moderate Wind
2372,2.8509154246958675,261,276,Moderate Wind
2373,1.0111991185141758,205,32,Low Wind
2374,0.7624992547431685,170,255,Low Wind
2375,1.03120972128704,134,269,Low Wind
2376,5.11370318749795,365,320,Strong Wind
2377,2.7431291806288773,237,172,Moderate Wind
2378,1.389202047219872,427,61,Low Wind
2379,2.2058360210478134,101,84,Moderate Wind
2380,1.0821104634623213,213,98,Low Wind
2381,2.178891950461774,108,56,Moderate Wind
2382,1.2548166234309321,252,319,Low Wind
2383,1.1334701617297593,212,83,Low Wind
2384,0.6904701470306875,198,101,Low Wind
2385,5.757303673042842,364,246,Strong Wind
2386,5.357230307178246,308,213,Strong Wind
2387,1.076149814486194,6,48,Low Wind
2388,3.051944928090032,86,296,Moderate Wind
2389,2.2557735816113076,393,104,Moderate Wind
2390,3.189414431833651,248,191,Moderate Wind
2391,2.079469140001555,115,61,Moderate Wind
2392,1.9659807575522037,421,148,Moderate Wind
2393,1.0966758310135916,20,96,Low Wind
2394,2.198714838561795,228,171,Moderate Wind
2395,5.62171274461307,362,261,Strong Wind
2396,4.001308546320335,270,76,Strong Wind
2397,1.783947091440639,38,240,Moderate Wind
2398,3.9336847374610446,302,147,Strong Wind
2399,3.626708346233218,371,167,Moderate Wind
2400,2.055677478810315,32,41,Moderate Wind
2401,1.0106478870217415,25,104,Low Wind
2402,3.810324426837625,347,37,Strong Wind
2403,1.6651041707803704,42,254,Moderate Wind
2404,0.6986744753537215,220,333,Low Wind
2405,0.5249810490137221,125,246,Low Wind
2406,0.5497439915626042,215,289,Low Wind
2407,0.7240142680764775,195,208,Low Wind
2408,1.2355995520782082,199,0,Low Wind
2409,0.5515915366831365,206,343,Low Wind
2410,7.565050395907276,51,350,Strong Wind
2411,2.3439057283156393,54,262,Moderate Wind
2412,0.4558981406849378,174,241,Low Wind
2413,0.9743055592317404,220,323,Low Wind
2414,1.62251678322021,423,82,Moderate Wind
2415,6.1070116480417,437,273,Strong Wind
2416,6.003469191329026,427,323,Strong Wind
2417,4.546836106731571,257,13,Strong Wind
2418,6.271130371373308,407,309,Strong Wind
2419,1.0548846898241484,22,94,Low Wind
2420,4.782459855995029,168,350,Strong Wind
2421,1.0303815704371728,11,50,Low Wind
2422,1.8032840309398301,253,278,Moderate Wind
2423,3.788804174244059,375,113,Strong Wind
2424,0.43331027147726686,151,257,Low Wind
2425,0.38153787966447356,143,158,Low Wind
2426,1.444716379828511,275,341,Moderate Wind
2427,5.640434398991121,343,348,Strong Wind
2428,1.479610354072594,161,327,Moderate Wind
2429,0.25354957116146315,180,38,Low Wind
2430,7.725413461640569,57,353,Strong Wind
2431,0.9272862820746377,194,169,Low Wind
2432,4.75785502683187,333,174,Strong Wind
2433,4.262085817256118,347,159,Strong Wind
2434,0.6140173184553007,198,240,Low Wind
2435,4.12657162019131,342,125,Strong Wind
2436,1.965301873693325,402,35,Moderate Wind
2437,1.8188428137332864,258,350,Moderate Wind
2438,2.5855098429558656,239,111,Moderate Wind
2439,7.18470027181586,13,346,Strong Wind
2440,1.3222689171624882,249,302,Low Wind
2441,0.7905774774123903,192,134,Low Wind
2442,0.5237824269894231,174,57,Low Wind
2443,1.0434818225307665,220,268,Low Wind
2444,1.0461736124092704,233,281,Low Wind
2445,1.009700945135157,232,282,Low Wind
2446,0.6804694275067663,189,129,Low Wind
2447,6.264989735280133,368,338,Strong Wind
2448,4.399284293242297,418,240,Strong Wind
2449,2.446250397868689,43,174,Moderate Wind
2450,1.3002042556856481,248,343,Low Wind
2451,4.869274847472022,124,322,Strong Wind
2452,1.5118714894136003,99,19,Moderate Wind
2453,1.3249957570378814,244,286,Low Wind
2454,0.6347518570474273,111,127,Low Wind
2455,4.086772199455042,245,74,Strong Wind
2456,4.955406021272167,295,24,Strong Wind
2457,2.07128206649904,23,28,Moderate Wind
2458,3.8900243270380703,326,93,Strong Wind
2459,0.3329637495476065,177,93,Low Wind
2460,3.2435555861933323,38,207,Moderate Wind
2461,1.8627321763221512,432,22,Moderate Wind
2462,0.47628317745726956,67,30,Low Wind
2463,0.9184400610546065,58,162,Low Wind
2464,3.6546083325889067,288,255,Moderate Wind
2465,4.862681719373099,265,236,Strong Wind
2466,0.6583717621326437,175,183,Low Wind
2467,1.820293342377887,97,43,Moderate Wind
2468,0.40572693398730436,142,243,Low Wind
2469,0.6969706503620778,130,127,Low Wind
2470,1.8728524087311529,133,95,Moderate Wind
2471,1.8564857737438394,209,67,Moderate Wind
2472,0.3116981706003745,202,331,Low Wind
2473,0.40485006045753025,185,112,Low Wind
2474,3.246318092425098,417,221,Moderate Wind
2475,1.2126177746769427,19,110,Low Wind
2476,1.7398373363648165,403,98,Moderate Wind
2477,0.40290253993426395,117,223,Low Wind
2478,3.7758631267179315,361,96,Strong Wind
2479,0.37351286507233994,205,126,Low Wind
2480,4.254162394769067,327,42,Strong Wind
2481,1.5809836838604616,434,57,Moderate Wind
2482,1.7434476222716484,100,239,Moderate Wind
2483,4.014295896919154,274,76,Strong Wind
2484,3.8670660637605585,320,124,Strong Wind
2485,6.871722860959277,0,336,Strong Wind
2486,3.1197699119790423,291,257,Moderate Wind
2487,3.932772072449527,374,133,Strong Wind
2488,0.459291900852681,178,112,Low Wind
2489,6.1840615858588395,83,329,Strong Wind
2490,0.39280955808413553,149,260,Low Wind
2491,3.8837985139424758,336,88,Strong Wind
2492,3.2856670165894757,423,227,Moderate Wind
2493,4.671088082793774,86,311,Strong Wind
2494,3.7715884728699263,359,93,Moderate Wind
2495,5.876891004674416,47,315,Strong Wind
2496,1.9186933756657298,48,176,Moderate Wind
2497,3.7465519216508802,231,64,Moderate Wind
2498,1.6894918049312846,95,62,Moderate Wind
2499,6.314533886146719,385,331,Strong Wind
2500,2.2246279595502454,427,6,Moderate Wind
2501,0.7375457408680768,91,160,Low Wind
2502,7.269614825378171,73,346,Strong Wind
2503,0.49400842500241005,160,264,Low Wind
2504,1.6819829037192746,63,55,Moderate Wind
2505,0.4824561138231422,440,154,Low Wind
2506,4.109989706403379,391,227,Strong Wind
2507,4.108773289600509,294,59,Strong Wind
2508,0.5527457245585089,75,3,Low Wind
2509,4.682154333860218,252,6,Strong Wind
2510,2.8697430625758216,257,156,Moderate Wind
2511,4.813676873614978,366,204,Strong Wind
2512,2.957694491715253,369,60,Moderate Wind
2513,0.4900804233913454,190,122,Low Wind
2514,3.62494870082799,49,276,Moderate Wind
2515,2.595728519486247,300,297,Moderate Wind
2516,1.3380765021112584,167,142,Low Wind
2517,0.6136191024640766,107,150,Low Wind
2518,2.582367766483933,213,14,Moderate Wind
2519,2.2243765420738124,11,220,Moderate Wind
2520,5.122206762759752,277,222,Strong Wind
2521,0.8390422847973931,129,124,Low Wind
2522,0.4923978637909606,173,14,Low Wind
2523,0.8954823651553219,52,144,Low Wind
2524,4.449039273444503,320,36,Strong Wind
2525,0.363788184309537,151,81,Low Wind
2526,0.4316336036218448,114,207,Low Wind
2527,5.45873916143797,320,331,Strong Wind
2528,0.4060610695981181,140,165,Low Wind
2529,1.6130268051812413,136,88,Moderate Wind
2530,3.7239491782648146,258,83,Moderate Wind
2531,5.256841435938258,371,228,Strong Wind
2532,0.3850527554000729,123,224,Low Wind
2533,3.7962528760696626,350,31,Strong Wind
2534,3.4988542759379664,273,149,Moderate Wind
2535,3.931579410833565,346,20,Strong Wind
2536,1.6228885203942276,215,232,Moderate Wind
2537,4.850673941312229,23,297,Strong Wind
2538,5.809665188016071,319,247,Strong Wind
2539,2.93057618870599,403,215,Moderate Wind
2540,2.1979663454544527,421,21,Moderate Wind
2541,5.86787163420809,442,275,Strong Wind
2542,1.9870253544088166,32,34,Moderate Wind
2543,0.9933365964834528,5,43,Low Wind
2544,1.6255833660392325,281,353,Moderate Wind
2545,3.6288380227296586,428,238,Moderate Wind
2546,0.33343630049749196,170,20,Low Wind
2547,0.4021879447206767,165,174,Low Wind
2548,3.112283511989751,395,138,Moderate Wind
2549,4.019248050809169,306,88,Strong Wind
2550,1.5920617128806702,433,94,Moderate Wind
2551,5.69053549169908,442,296,Strong Wind
2552,4.591293616269626,27,184,Strong Wind
2553,3.004657881300026,368,70,Moderate Wind
2554,0.4541500208092657,164,83,Low Wind
2555,0.3284954113220624,158,21,Low Wind
2556,0.8343787343387625,54,145,Low Wind
2557,2.383817749690071,1,144,Moderate Wind
2558,3.695209944022506,258,170,Moderate Wind
2559,3.488918860526509,376,159,Moderate Wind
2560,0.5285683849823094,228,132,Low Wind
2561,0.5838776478652656,73,102,Low Wind
2562,6.746065458916259,158,354,Strong Wind
2563,1.3768927460780203,282,295,Low Wind
2564,1.4989286394695263,409,49,Moderate Wind
2565,1.0790313670440017,53,164,Low Wind
2566,2.51605757737071,55,242,Moderate Wind
2567,2.3960677572299023,403,183,Moderate Wind
2568,4.4299709185651865,295,251,Strong Wind
2569,3.9451571970873944,258,185,Strong Wind
2570,3.8520018237273295,332,10,Strong Wind
2571,0.8878161663373444,79,180,Low Wind
2572,2.715554151109461,24,209,Moderate Wind
2573,0.7753694155494011,56,79,Low Wind
2574,1.1307850837869362,19,104,Low Wind
2575,0.2855794943407546,157,40,Low Wind
2576,5.059221712787737,358,197,Strong Wind
2577,5.277893589039125,314,185,Strong Wind
2578,2.4941459659255334,226,93,Moderate Wind
2579,6.064760851317882,356,341,Strong Wind
2580,0.5497871454311555,51,98,Low Wind
2581,1.073781090740137,71,182,Low Wind
2582,1.3098047437990123,423,71,Low Wind
2583,1.4306373760623585,416,168,Low Wind
2584,0.5139628051781484,152,223,Low Wind
2585,1.7060127553463829,54,48,Moderate Wind
2586,0.463307893994491,150,248,Low Wind
2587,0.4971106744530847,128,213,Low Wind
2588,4.108344603970985,289,65,Strong Wind
2589,5.245273002398782,52,301,Strong Wind
2590,3.1251432023776853,365,59,Moderate Wind
2591,0.8516023987433461,179,190,Low Wind
2592,4.549777679744034,281,174,Strong Wind
2593,4.509203013689082,234,29,Strong Wind
2594,0.5470991060363937,165,283,Low Wind
2595,4.057840854877212,353,126,Strong Wind
2596,1.3296532903124896,431,74,Low Wind
2597,4.6207486423132735,275,29,Strong Wind
2598,6.227314806353022,373,353,Strong Wind
2599,4.431896449379511,259,38,Strong Wind
2600,4.3438620437018525,259,252,Strong Wind
2601,5.990125080697111,428,354,Strong Wind
2602,1.4568488949046752,44,152,Moderate Wind
2603,0.49527273973404645,440,153,Low Wind
2604,3.270619582568601,3,131,Moderate Wind
2605,4.712783459033972,268,3,Strong Wind
2606,0.6759721754421056,214,328,Low Wind
2607,7.191735662258778,100,340,Strong Wind
2608,2.159252936361435,426,130,Moderate Wind
2609,3.447953046487825,22,242,Moderate Wind
2610,5.191798431419838,428,253,Strong Wind
2611,0.7008728221796923,213,144,Low Wind
2612,7.9294677514398595,88,348,Strong Wind
2613,0.6322013930907197,141,198,Low Wind
2614,2.9649559643098744,71,226,Moderate Wind
2615,4.018840383952778,286,157,Strong Wind
2616,1.101567711367353,239,334,Low Wind
2617,1.5049993262844268,412,38,Moderate Wind
2618,5.420921852027124,376,241,Strong Wind
2619,4.989281635676587,283,247,Strong Wind
2620,5.750145939349397,357,248,Strong Wind
2621,0.9799389069730222,204,161,Low Wind
2622,0.6042771034429548,131,189,Low Wind
2623,1.9404840128219598,437,12,Moderate Wind
2624,1.4366920795854938,387,61,Moderate Wind
2625,0.5937406694192603,42,123,Low Wind
2626,6.20699549706246,412,326,Strong Wind
2627,5.2325433120991125,328,237,Strong Wind
2628,5.295159113891642,150,341,Strong Wind
2629,0.6704173558764143,196,261,Low Wind
2630,3.2248005376953417,389,115,Moderate Wind
2631,4.108283639292394,327,128,Strong Wind
2632,5.017936669441098,125,324,Strong Wind
2633,3.0656599313218296,260,154,Moderate Wind
2634,6.24333400573018,411,319,Strong Wind
2635,4.110136301839866,360,110,Strong Wind
2636,5.343240143276208,310,219,Strong Wind
2637,2.7873575780833186,131,311,Moderate Wind
2638,1.9207423263227752,261,351,Moderate Wind
2639,3.463420565777194,286,142,Moderate Wind
2640,1.3117330417537618,439,228,Low Wind
2641,1.9285516965020344,424,110,Moderate Wind
2642,1.1027992834750275,292,317,Low Wind
2643,2.0118355841815245,102,51,Moderate Wind
2644,2.0618916707024453,433,10,Moderate Wind
2645,3.4137941726797787,286,96,Moderate Wind
2646,3.4627955631290592,9,268,Moderate Wind
2647,0.34740726792744536,181,104,Low Wind
2648,0.38606758063975716,191,235,Low Wind
2649,0.6947725127035114,67,149,Low Wind
2650,3.9944713837180332,352,130,Strong Wind
2651,5.589376336638504,303,247,Strong Wind
2652,2.418250350267262,33,234,Moderate Wind
2653,3.77685642267071,326,8,Strong Wind
2654,3.5089977560344967,221,57,Moderate Wind
2655,0.6992550284602288,64,151,Low Wind
2656,1.1052927306373461,64,172,Low Wind
2657,2.8569309561832688,26,164,Moderate Wind
2658,3.7239915642851695,23,251,Moderate Wind
2659,4.4114847837256805,258,33,Strong Wind
2660,2.0634672689745495,53,55,Moderate Wind
2661,0.4060823489756817,174,109,Low Wind
2662,3.8122915570080442,346,60,Strong Wind
2663,4.7609988675353065,303,171,Strong Wind
2664,5.408506562004706,312,198,Strong Wind
2665,5.896538870032979,351,335,Strong Wind
2666,2.711019989680383,415,144,Moderate Wind
2667,0.8325445265610298,58,12,Low Wind
2668,0.3385127320204438,155,68,Low Wind
2669,0.6243585397068014,142,185,Low Wind
2670,4.010247429284431,308,317,Strong Wind
2671,2.369375184253621,56,196,Moderate Wind
2672,0.8870892920977854,182,210,Low Wind
2673,5.289581350579573,108,319,Strong Wind
2674,2.5216131192602877,391,17,Moderate Wind
2675,4.782343953207067,298,12,Strong Wind
2676,0.42690186713273476,128,242,Low Wind
2677,6.907552939028953,126,348,Strong Wind
2678,3.96671437983336,60,281,Strong Wind
2679,6.2270464527539,420,284,Strong Wind
2680,4.640278998052337,267,225,Strong Wind
2681,2.055868140683684,31,38,Moderate Wind
2682,4.394461805970331,27,188,Strong Wind
2683,3.3889917249993133,381,291,Moderate Wind
2684,0.7421096638436889,167,258,Low Wind
2685,0.7171628961941546,116,233,Low Wind
2686,1.4376260417025615,115,264,Moderate Wind
2687,2.4907151552179254,234,188,Moderate Wind
2688,4.189079879157627,321,66,Strong Wind
2689,0.9914041394544594,18,57,Low Wind
2690,1.4886218733144754,173,335,Moderate Wind
2691,0.6563611164600326,181,75,Low Wind
2692,0.5868041288990473,131,197,Low Wind
2693,3.6105954300970176,367,96,Moderate Wind
2694,0.5857503918570779,154,284,Low Wind
2695,5.22738396339298,350,310,Strong Wind
2696,5.809665188016071,319,247,Strong Wind
2697,6.331850177926064,381,343,Strong Wind
2698,4.164174106424551,112,307,Strong Wind
2699,4.030294957757832,269,210,Strong Wind
2700,6.9113632469381026,122,350,Strong Wind
2701,1.2265553944212677,249,330,Low Wind
2702,1.4905246836601775,87,215,Moderate Wind
2703,0.8510476220750418,211,199,Low Wind
2704,2.9163021037451324,299,285,Moderate Wind
2705,1.9963652772376599,89,233,Moderate Wind
2706,3.977337609705026,330,116,Strong Wind
2707,0.41793736296412365,181,111,Low Wind
2708,3.392345395261154,374,99,Moderate Wind
2709,3.882181895719731,331,89,Strong Wind
2710,2.5451453590354918,259,120,Moderate Wind
2711,0.47008010354811874,132,167,Low Wind
2712,0.6058127116781911,142,137,Low Wind
2713,2.8071205594833875,245,109,Moderate Wind
2714,0.9559266009000345,227,328,Low Wind
2715,5.112081621060555,357,213,Strong Wind
2716,2.8621742751805646,2,249,Moderate Wind
2717,3.8895518242525187,318,127,Strong Wind
2718,0.906292322679681,111,6,Low Wind
2719,6.23909297892724,409,329,Strong Wind
2720,2.16890783153244,100,81,Moderate Wind
2721,5.210630856145273,277,240,Strong Wind
2722,0.3735614516408083,152,173,Low Wind
2723,6.080970258372934,434,345,Strong Wind
2724,5.829811627777814,349,334,Strong Wind
2725,2.4061432330219774,236,200,Moderate Wind
2726,0.8874306565376294,87,8,Low Wind
2727,0.45125704955320584,145,230,Low Wind
2728,3.5963598584369323,21,267,Moderate Wind
2729,1.0007186874263732,71,84,Low Wind
2730,2.705222881522994,8,209,Moderate Wind
2731,5.269171956930467,336,285,Strong Wind
2732,4.85610716444937,368,319,Strong Wind
2733,3.308442898028282,368,45,Moderate Wind
2734,1.3241063072970092,0,95,Low Wind
2735,0.808717878809699,135,28,Low Wind
2736,2.99359673710225,31,216,Moderate Wind
2737,0.5287207040719912,176,294,Low Wind
2738,0.7361486976481513,203,219,Low Wind
2739,0.6496442178099254,202,223,Low Wind
2740,3.3956344358815347,326,292,Moderate Wind
2741,3.992969854337025,228,43,Strong Wind
2742,0.35189201781749446,193,313,Low Wind
2743,0.5138953762459132,101,132,Low Wind
2744,0.5201447131906325,428,171,Low Wind
2745,2.4595183705724706,245,163,Moderate Wind
2746,0.7447482151824112,67,156,Low Wind
2747,2.486300034085438,122,92,Moderate Wind
2748,6.031555864377417,414,342,Strong Wind
2749,3.0498929524248637,65,223,Moderate Wind
2750,6.53097002327336,73,340,Strong Wind
2751,6.127557729775046,409,341,Strong Wind
2752,2.520831143219574,310,280,Moderate Wind
2753,0.5971680588744743,108,171,Low Wind
2754,4.687730754252829,299,170,Strong Wind
2755,5.531048160161694,370,236,Strong Wind
2756,4.3720066897385665,250,31,Strong Wind
2757,0.7960981542101336,180,187,Low Wind
2758,3.859422125406281,153,336,Strong Wind
2759,1.0768473402629866,103,118,Low Wind
2760,4.017189832857497,332,117,Strong Wind
2761,0.8281315990275376,85,184,Low Wind
2762,1.6565325887480788,423,83,Moderate Wind
2763,1.0141320056989813,183,157,Low Wind
2764,1.5580866566830371,247,139,Moderate Wind
2765,4.225308558127828,35,287,Strong Wind
2766,4.406430822818549,249,26,Strong Wind
2767,1.7885772884427933,248,131,Moderate Wind
2768,2.6230778409163302,388,12,Moderate Wind
2769,1.4935989702343775,87,42,Moderate Wind
2770,2.792999623868025,56,235,Moderate Wind
2771,1.0946808421773506,107,119,Low Wind
2772,1.801898049421237,226,165,Moderate Wind
2773,2.8487931914435762,94,291,Moderate Wind
2774,5.705560975467859,298,243,Strong Wind
2775,5.8683360042233055,335,230,Strong Wind
2776,0.34740726792744536,181,104,Low Wind
2777,4.258081417055095,303,159,Strong Wind
2778,1.4396759973673874,159,125,Moderate Wind
2779,4.063464632917771,360,108,Strong Wind
2780,4.107344396557546,295,157,Strong Wind
2781,6.777776871669569,142,348,Strong Wind
2782,0.592443940603305,173,290,Low Wind
2783,4.932184081373885,319,176,Strong Wind
2784,0.4264018561772181,59,25,Low Wind
2785,0.5087136893108861,171,178,Low Wind
2786,1.598774995895552,432,222,Moderate Wind
2787,3.978194527817189,352,145,Strong Wind
2788,0.41600967635103314,191,120,Low Wind
2789,2.4680474512411363,394,34,Moderate Wind
2790,1.2785330531067907,38,8,Low Wind
2791,3.76351508404931,362,308,Moderate Wind
2792,0.6819627003903722,65,143,Low Wind
2793,5.0589038573312255,30,301,Strong Wind
2794,4.816828008484698,20,296,Strong Wind
2795,5.3760197613636125,340,195,Strong Wind
2796,1.5042032205983753,124,289,Moderate Wind
2797,3.0025065748559694,313,279,Moderate Wind
2798,3.8102559575266643,365,102,Strong Wind
2799,6.097516521312047,404,354,Strong Wind
2800,4.9980096147978825,356,275,Strong Wind
2801,4.633832899150866,239,17,Strong Wind
2802,0.8934344212504018,165,151,Low Wind
2803,3.5485395183263524,375,153,Moderate Wind
2804,0.3167501858183521,151,64,Low Wind
2805,1.1445805884736986,70,187,Low Wind
2806,4.607207106955262,308,335,Strong Wind
2807,4.893572825402016,283,14,Strong Wind
2808,0.5550829204567453,79,0,Low Wind
2809,5.970821134745108,419,340,Strong Wind
2810,0.6981665959716604,196,79,Low Wind
2811,3.545532395159023,9,191,Moderate Wind
2812,4.181793371259156,329,59,Strong Wind
2813,1.4742162643810457,293,306,Moderate Wind
2814,5.440992641953694,284,224,Strong Wind
2815,2.4292348543194597,403,200,Moderate Wind
2816,1.910478140246342,230,109,Moderate Wind
2817,6.062477525720608,415,263,Strong Wind
2818,1.3169549484989704,37,61,Low Wind
2819,0.38154052716950426,125,134,Low Wind
2820,4.047264161857286,306,87,Strong Wind
2821,2.0151091109843424,210,66,Moderate Wind
2822,0.7251976099293642,201,261,Low Wind
2823,0.6861480932452314,144,275,Low Wind
2824,4.228065897013351,99,311,Strong Wind
2825,1.9274015741801531,93,73,Moderate Wind
2826,2.4528306516758005,95,249,Moderate Wind
2827,6.409950905110832,56,328,Strong Wind
2828,1.3019847713555694,218,243,Low Wind
2829,0.8121346818825065,130,32,Low Wind
2830,5.595819183841451,327,218,Strong Wind
2831,4.5157996463687615,255,15,Strong Wind
2832,1.9498585744993784,423,26,Moderate Wind
2833,5.057341569853525,389,286,Strong Wind
2834,3.1619444828079035,244,172,Moderate Wind
2835,0.48169975899158646,107,138,Low Wind
2836,2.5981551644895937,302,283,Moderate Wind
2837,0.34450596118768784,154,59,Low Wind
2838,5.558444203500639,361,229,Strong Wind
2839,1.8060602666226304,215,218,Moderate Wind
2840,3.292871767023398,384,179,Moderate Wind
2841,0.9046989065102244,181,327,Low Wind
2842,1.2596726686945692,0,162,Low Wind
2843,4.9811377138893,289,19,Strong Wind
2844,3.7245314243851073,224,49,Moderate Wind
2845,0.6311309638228074,96,176,Low Wind
2846,0.421247472623145,191,240,Low Wind
2847,3.2064251276390583,358,1,Moderate Wind
2848,1.0501167268923675,277,328,Low Wind
2849,1.8383776426073746,227,239,Moderate Wind
2850,3.453251785931983,8,268,Moderate Wind
2851,0.5031203166017684,165,80,Low Wind
2852,1.8955130953321273,27,7,Moderate Wind
2853,0.5833971385008802,80,16,Low Wind
2854,1.410881826152262,45,246,Low Wind
2855,2.802560181914721,261,144,Moderate Wind
2856,3.2883057888836715,314,278,Moderate Wind
2857,2.640677028484652,375,54,Moderate Wind
2858,3.3480764670752285,307,114,Moderate Wind
2859,2.3753877174169706,248,215,Moderate Wind
2860,3.9566665189170998,340,55,Strong Wind
2861,0.5898739885375456,167,297,Low Wind
2862,3.938802964891558,341,104,Strong Wind
2863,4.534858825819933,264,18,Strong Wind
2864,3.051519137415956,280,130,Moderate Wind
2865,4.180885773795826,309,71,Strong Wind
2866,1.254399532163092,247,339,Low Wind
2867,1.1183208400962525,20,102,Low Wind
2868,1.1505247529459484,244,340,Low Wind
2869,3.6346545202170066,250,85,Moderate Wind
2870,0.455574903485424,214,341,Low Wind
2871,5.6576026352424345,343,332,Strong Wind
2872,2.3862537062520826,399,3,Moderate Wind
2873,4.311811305451996,334,159,Strong Wind
2874,0.6911168738943332,94,187,Low Wind
2875,1.404460221301128,88,49,Low Wind
2876,4.549547703056171,277,199,Strong Wind
2877,0.7232045935378143,195,85,Low Wind
2878,0.8710887773346037,79,179,Low Wind
2879,3.5960302347608337,14,171,Moderate Wind
2880,2.6425191532693795,250,114,Moderate Wind
2881,2.3112826130299022,400,15,Moderate Wind
2882,6.77079092751568,77,340,Strong Wind
2883,2.7260615033176605,405,123,Moderate Wind
2884,3.2252927286977253,70,279,Moderate Wind
2885,0.8888782624289309,30,101,Low Wind
2886,0.4470774822288025,143,230,Low Wind
2887,4.318721531094404,318,51,Strong Wind
2888,1.219139418830209,150,134,Low Wind
2889,0.8709796386184117,285,312,Low Wind
2890,1.559248417080916,134,79,Moderate Wind
2891,0.9824884345423084,190,5,Low Wind
2892,6.009577073011388,430,339,Strong Wind
2893,3.2754941810731624,119,302,Moderate Wind
2894,3.495611410243159,288,94,Moderate Wind
2895,4.205416541709848,295,52,Strong Wind
2896,1.250163664751021,215,161,Low Wind
2897,0.4015771189761429,118,133,Low Wind
2898,1.564942499123374,86,94,Moderate Wind
2899,1.1223427433057989,268,307,Low Wind
2900,2.896448842182599,408,145,Moderate Wind
2901,1.088128593918808,53,165,Low Wind
2902,2.0048111439204783,311,295,Moderate Wind
2903,1.5963770969114506,427,55,Moderate Wind
2904,4.968881845705248,355,188,Strong Wind
2905,3.8867951246380072,340,87,Strong Wind
2906,0.7109301157362276,62,146,Low Wind
2907,2.9920923248803257,278,126,Moderate Wind
2908,4.975717760628086,361,195,Strong Wind
2909,4.08472365908778,371,117,Strong Wind
2910,2.294596112208515,9,148,Moderate Wind
2911,0.8318752818591733,241,348,Low Wind
2912,1.8740209033787412,430,23,Moderate Wind
2913,0.5381769051799921,144,49,Low Wind
2914,6.335929478103051,382,341,Strong Wind
2915,1.8651372640017911,424,203,Moderate Wind
2916,2.50157067627413,251,118,Moderate Wind
2917,1.598296121239034,420,43,Moderate Wind
2918,2.054636971666665,31,39,Moderate Wind
2919,1.9900197320057833,56,59,Moderate Wind
2920,6.0421160380421925,345,229,Strong Wind
2921,2.622134569161202,34,254,Moderate Wind
2922,3.3488618073540444,4,259,Moderate Wind
2923,6.227454371098508,410,328,Strong Wind
2924,0.6189825282135994,204,312,Low Wind
2925,4.143691587661868,326,132,Strong Wind
2926,5.108962087884983,363,220,Strong Wind
2927,4.919062395859657,301,18,Strong Wind
2928,0.6047320125757608,177,290,Low Wind
2929,0.6762433160933073,138,12,Low Wind
2930,4.515293403243324,407,243,Strong Wind
2931,0.6632988711227972,175,269,Low Wind
2932,1.925428424508163,413,179,Moderate Wind
2933,0.42958761635444787,149,52,Low Wind
2934,0.9859352074125054,193,183,Low Wind
2935,1.528566055261762,100,234,Moderate Wind
2936,3.458495059108301,305,105,Moderate Wind
2937,5.194983037688238,352,209,Strong Wind
2938,1.1961329742758209,40,132,Low Wind
2939,5.351243503379096,303,249,Strong Wind
2940,5.019505090172097,360,198,Strong Wind
2941,1.2568794781026567,227,254,Low Wind
2942,5.413986748449094,322,205,Strong Wind
2943,1.2007918359783398,262,310,Low Wind
2944,1.4667249845301253,9,24,Moderate Wind
2945,3.383289438545571,380,156,Moderate Wind
2946,0.38697606438290577,181,309,Low Wind
2947,2.6663665658427886,124,301,Moderate Wind
2948,0.5709129932124938,142,138,Low Wind
2949,3.8609616128505526,393,225,Strong Wind
2950,0.8523732533724444,160,203,Low Wind
2951,3.9087679284458323,380,125,Strong Wind
2952,0.380631054754527,60,29,Low Wind
2953,0.45082455451395803,198,292,Low Wind
2954,4.435347129899716,315,44,Strong Wind
2955,4.365536153422347,332,23,Strong Wind
2956,4.985681209932463,296,22,Strong Wind
2957,3.896829213293675,14,176,Strong Wind
2958,0.6343662206959315,188,53,Low Wind
2959,3.712963112246403,368,164,Moderate Wind
2960,2.423866113774076,35,253,Moderate Wind
2961,0.1904007613177387,162,38,Low Wind
2962,5.47974712933806,77,311,Strong Wind
2963,2.6765665415913964,377,15,Moderate Wind
2964,5.538381231243208,339,328,Strong Wind
2965,1.7248773027519677,106,107,Moderate Wind
2966,5.276908431431276,305,228,Strong Wind
2967,1.125497098445388,394,52,Low Wind
2968,2.5627088488572474,30,235,Moderate Wind
2969,2.6748459081461613,263,124,Moderate Wind
2970,6.120917904080589,409,349,Strong Wind
2971,4.803136103667644,298,30,Strong Wind
2972,1.5279946626316616,417,44,Moderate Wind
2973,3.2943411283341266,399,220,Moderate Wind
2974,1.1109269627590859,18,97,Low Wind
2975,5.409450732963437,340,207,Strong Wind
2976,0.7106107307672724,159,152,Low Wind
2977,1.13742327349662,227,314,Low Wind
2978,4.126491521095568,292,72,Strong Wind
2979,2.9021012225726452,77,277,Moderate Wind
2980,4.306911624923474,266,64,Strong Wind
2981,4.245384516501803,330,308,Strong Wind
2982,5.602498818822985,371,256,Strong Wind
2983,0.7367058052877548,180,277,Low Wind
2984,2.919763818208966,54,269,Moderate Wind
2985,4.862450213128584,293,179,Strong Wind
2986,3.461427858429589,48,208,Moderate Wind
2987,3.6429061948307337,11,251,Moderate Wind
2988,3.85639606559676,345,37,Strong Wind
2989,4.192588987735955,272,167,Strong Wind
2990,6.537965427570483,35,338,Strong Wind
2991,5.434850929000736,294,222,Strong Wind
2992,2.9210836183944364,383,1,Moderate Wind
2993,4.947134905284695,440,255,Strong Wind
2994,5.058590567928408,294,208,Strong Wind
2995,0.6487524883560076,177,64,Low Wind
2996,1.7771061498453384,99,39,Moderate Wind
2997,1.2611021418762858,24,116,Low Wind
2998,0.9382919983786681,203,39,Low Wind
2999,4.051441745331061,345,141,Strong Wind
3000,4.182019249010704,327,64,Strong Wind
3001,0.46319752174220824,149,227,Low Wind
3002,5.931668314921464,100,324,Strong Wind
3003,5.596879782273856,284,238,Strong Wind
3004,3.8650954059003966,253,247,Strong Wind
3005,3.17682929364354,373,31,Moderate Wind
3006,5.4613080488256855,362,265,Strong Wind
3007,4.803813787570081,342,176,Strong Wind
3008,0.3931513151122076,134,249,Low Wind
3009,1.1627768247485206,236,295,Low Wind
3010,4.9858183967904095,331,285,Strong Wind
3011,2.7144439983828175,127,305,Moderate Wind
3012,1.5289064532752863,136,102,Moderate Wind
3013,5.572493927755561,350,253,Strong Wind
3014,7.29798675436686,56,348,Strong Wind
3015,2.4325501321880667,370,307,Moderate Wind
3016,4.036448959221082,354,152,Strong Wind
3017,5.963634011767968,339,221,Strong Wind
3018,1.5798674796487415,218,92,Moderate Wind
3019,0.9562464876489575,179,197,Low Wind
3020,2.0390581951170947,222,234,Moderate Wind
3021,4.165842229284458,310,61,Strong Wind
3022,3.078311661322897,230,79,Moderate Wind
3023,5.188512334664069,295,214,Strong Wind
3024,5.668512303585025,73,326,Strong Wind
3025,4.093132844488774,26,284,Strong Wind
3026,1.444716379828511,275,341,Moderate Wind
3027,7.6361162119280594,94,344,Strong Wind
3028,5.5982564457427815,340,332,Strong Wind
3029,3.5442777369457827,259,90,Moderate Wind
3030,0.5773516216441824,116,158,Low Wind
3031,5.482406876054723,322,218,Strong Wind
3032,1.818410930835702,95,69,Moderate Wind
3033,6.152128618762781,411,299,Strong Wind
3034,4.737869478155736,300,171,Strong Wind
3035,4.190177900346044,270,169,Strong Wind
3036,4.196302572471312,322,150,Strong Wind
3037,5.411196032537665,321,204,Strong Wind
3038,0.909437335151117,72,43,Low Wind
3039,1.1880182991867658,23,113,Low Wind
3040,3.6194845252830463,316,114,Moderate Wind
3041,2.318420499522647,20,16,Moderate Wind
3042,2.18676525811061,240,119,Moderate Wind
3043,4.722574710440963,284,200,Strong Wind
3044,1.1006383070806511,223,316,Low Wind
3045,1.9653666206732154,133,89,Moderate Wind
3046,3.56857851132836,10,189,Moderate Wind
3047,0.9975689564887031,179,327,Low Wind
3048,0.5016397636019537,87,119,Low Wind
3049,1.2038925333287842,232,271,Low Wind
3050,2.9388534179956323,256,159,Moderate Wind
3051,5.922042259189024,420,261,Strong Wind
3052,0.459405180502867,40,116,Low Wind
3053,3.6002095879433877,239,84,Moderate Wind
3054,7.144215997188298,63,347,Strong Wind
3055,4.058350609317045,299,84,Strong Wind
3056,0.15564197187421094,174,34,Low Wind
3057,2.526720014456443,309,278,Moderate Wind
3058,5.101506456976998,276,223,Strong Wind
3059,5.873525208252852,24,322,Strong Wind
3060,2.054660778259061,99,76,Moderate Wind
3061,3.041149794944721,102,295,Moderate Wind
3062,3.692639502059748,387,203,Moderate Wind
3063,1.3831856821781718,140,95,Low Wind
3064,2.485070465927316,299,340,Moderate Wind
3065,4.6028627241818425,312,34,Strong Wind
3066,0.5800374804209222,115,196,Low Wind
3067,0.9615853432050013,73,173,Low Wind
3068,0.9507501332060733,179,206,Low Wind
3069,2.1129167487872884,94,78,Moderate Wind
3070,4.325640412753088,312,161,Strong Wind
3071,1.7702658036602212,5,225,Moderate Wind
3072,4.425579864308291,73,295,Strong Wind
3073,1.734783292932921,89,95,Moderate Wind
3074,1.3817170626640114,151,106,Low Wind
3075,5.3804564870918785,309,191,Strong Wind
3076,1.8288562962849273,298,315,Moderate Wind
3077,0.8779859425746471,167,193,Low Wind
3078,3.208066665815246,52,205,Moderate Wind
3079,3.8380527417868064,260,171,Strong Wind
3080,1.2595882894680892,251,319,Low Wind
3081,3.691771733926038,23,257,Moderate Wind
3082,6.138911513055316,408,347,Strong Wind
3083,3.8503084197466975,385,205,Strong Wind
3084,3.119170735458658,279,283,Moderate Wind
3085,1.0403491892855723,3,43,Low Wind
3086,1.6786555145621447,95,54,Moderate Wind
3087,4.969520801843892,297,23,Strong Wind
3088,2.129954485235405,254,136,Moderate Wind
3089,2.956128718579249,81,242,Moderate Wind
3090,1.4204013929552786,210,75,Low Wind
3091,0.700435517669288,69,4,Low Wind
3092,0.8628886023009597,25,69,Low Wind
3093,5.284699619066329,303,213,Strong Wind
3094,5.068553469213664,294,200,Strong Wind
3095,0.6054894079031713,135,57,Low Wind
3096,2.5584777579097877,389,23,Moderate Wind
3097,5.918949016528263,357,330,Strong Wind
3098,3.3146584811840576,264,208,Moderate Wind
3099,2.5646283243130408,54,196,Moderate Wind
3100,1.3150650513157884,250,350,Low Wind
3101,2.968641503337909,401,215,Moderate Wind
3102,0.9652750715489432,229,292,Low Wind
3103,0.9555253235820683,218,190,Low Wind
3104,2.4655425214345232,57,252,Moderate Wind
3105,1.8176186570991928,244,154,Moderate Wind
3106,1.1162974928222296,6,26,Low Wind
3107,2.160460246116436,105,85,Moderate Wind
3108,0.9872947568904046,193,158,Low Wind
3109,1.8227522979801705,416,78,Moderate Wind
3110,4.678000572990661,418,245,Strong Wind
3111,4.291594824594757,270,194,Strong Wind
3112,2.906404673193474,17,236,Moderate Wind
3113,2.6231544529021154,18,218,Moderate Wind
3114,0.33858907732407756,122,141,Low Wind
3115,1.0901409106472935,433,210,Low Wind
3116,1.5200070739141431,225,188,Moderate Wind
3117,3.936560338702106,230,48,Strong Wind
3118,6.012165600948308,399,281,Strong Wind
3119,4.03119152863815,336,50,Strong Wind
3120,4.039841562150979,264,172,Strong Wind
3121,5.128585458389323,321,181,Strong Wind
3122,4.914460959420371,275,250,Strong Wind
3123,5.263011770963325,364,224,Strong Wind
3124,3.115380558102546,85,295,Moderate Wind
3125,3.1795859403335163,61,217,Moderate Wind
3126,1.3169549484989704,37,61,Low Wind
3127,6.057763080062891,436,342,Strong Wind
3128,1.0352245459530132,13,60,Low Wind
3129,2.232646096454997,22,6,Moderate Wind
3130,0.7477556826407579,213,107,Low Wind
3131,3.8883579798945256,312,7,Strong Wind
3132,0.703677645846181,202,101,Low Wind
3133,3.735000045688977,13,185,Moderate Wind
3134,1.599292212085628,417,51,Moderate Wind
3135,0.5178554600955526,213,293,Low Wind
3136,3.6053144632846443,51,218,Moderate Wind
3137,6.1480497413218504,381,328,Strong Wind
3138,1.7982736338050962,401,72,Moderate Wind
3139,2.8395232668456236,216,39,Moderate Wind
3140,6.2028007074860305,20,327,Strong Wind
3141,0.6689532466585328,187,170,Low Wind
3142,5.349411676488619,337,190,Strong Wind
3143,6.63497183441953,103,334,Strong Wind
3144,4.046533189208076,241,74,Strong Wind
3145,0.37023333363194283,116,137,Low Wind
3146,3.3959036839985903,46,223,Moderate Wind
3147,4.987814672637764,315,344,Strong Wind
3148,1.9098753846744898,417,98,Moderate Wind
3149,1.3678768764711293,164,327,Low Wind
3150,5.530418802477488,357,322,Strong Wind
3151,1.526748313506164,22,43,Moderate Wind
3152,3.5519918889149267,263,90,Moderate Wind
3153,1.0266973178960095,23,93,Low Wind
3154,2.005985926058308,110,52,Moderate Wind
3155,2.7823164760899357,378,9,Moderate Wind
3156,3.5798192126475565,359,84,Moderate Wind
3157,3.3642634680196744,293,133,Moderate Wind
3158,1.4968196958861486,244,146,Moderate Wind
3159,1.3450609536191842,268,298,Low Wind
3160,1.9946155026720231,433,119,Moderate Wind
3161,4.12543633898789,324,132,Strong Wind
3162,1.3623237746540433,104,13,Low Wind
3163,0.3802586335129986,155,236,Low Wind
3164,2.913929315043705,420,220,Moderate Wind
3165,4.1352593603668035,224,27,Strong Wind
3166,3.807970539891211,344,13,Strong Wind
3167,1.1421142001169349,49,151,Low Wind
3168,0.6673600100593577,218,282,Low Wind
3169,5.266722843983401,286,219,Strong Wind
3170,0.9920157988778131,210,158,Low Wind
3171,2.2813907033226672,213,24,Moderate Wind
3172,3.854531365409143,378,133,Strong Wind
3173,2.5274786335014987,389,91,Moderate Wind
3174,0.863794143659355,24,83,Low Wind
3175,2.2255718265832587,403,22,Moderate Wind
3176,0.6364217959645104,38,99,Low Wind
3177,0.35296699231256823,45,117,Low Wind
3178,0.6934680242576471,199,262,Low Wind
3179,5.925009374100325,70,318,Strong Wind
3180,6.015290581006564,338,223,Strong Wind
3181,4.984298378944567,290,15,Strong Wind
3182,2.3909317235761427,420,142,Moderate Wind
3183,3.8081487623257395,347,78,Strong Wind
3184,0.5285683849823094,228,132,Low Wind
3185,1.515074781597685,404,44,Moderate Wind
3186,3.585477668066834,403,225,Moderate Wind
3187,3.4462317973270276,278,277,Moderate Wind
3188,1.6758746784045107,431,95,Moderate Wind
3189,1.0886302962898784,290,309,Low Wind
3190,0.9709468992034229,89,2,Low Wind
3191,3.07272629886449,142,325,Moderate Wind
3192,5.447700433296559,115,323,Strong Wind
3193,7.9364600382672,83,349,Strong Wind
3194,6.2486063016872615,59,314,Strong Wind
3195,0.9531970431582043,197,162,Low Wind
3196,2.5158413430810675,377,68,Moderate Wind
3197,0.8182344888398965,82,165,Low Wind
3198,4.469178744761938,312,15,Strong Wind
3199,6.515246381818819,118,338,Strong Wind
3200,1.1148921724184548,289,338,Low Wind
3201,3.981150341067042,316,310,Strong Wind
3202,0.35680243850958926,179,95,Low Wind
3203,6.049490524063389,435,267,Strong Wind
3204,0.5191399327336625,63,19,Low Wind
3205,2.459872054133781,415,207,Moderate Wind
3206,3.7279911629598876,268,84,Moderate Wind
3207,3.9104823872128534,329,108,Strong Wind
3208,4.402149160912313,364,315,Strong Wind
3209,0.8391720409055006,78,165,Low Wind
3210,3.202350932503352,378,100,Moderate Wind
3211,2.6400421747019545,13,4,Moderate Wind
3212,2.6586382672857893,414,147,Moderate Wind
3213,2.4963170322259263,302,281,Moderate Wind
3214,0.49406117474312766,157,245,Low Wind
3215,2.8845735941724344,380,5,Moderate Wind
3216,4.655364946665258,309,324,Strong Wind
3217,4.1152940207335424,282,70,Strong Wind
3218,0.6189065333396643,77,21,Low Wind
3219,0.4948586327455753,214,135,Low Wind
3220,0.6608279567644564,105,157,Low Wind
3221,0.5711171862595024,241,354,Low Wind
3222,0.7772599724042891,197,90,Low Wind
3223,1.3207254569584064,292,338,Low Wind
3224,4.203978610092766,356,116,Strong Wind
3225,5.656353216175539,348,327,Strong Wind
3226,0.8486410091896799,178,190,Low Wind
3227,3.489104173549083,376,160,Moderate Wind
3228,1.82695351220106,115,98,Moderate Wind
3229,0.8397105221983048,212,198,Low Wind
3230,6.0268400786426115,416,351,Strong Wind
3231,1.282375091103836,245,309,Low Wind
3232,0.9011814090901108,43,19,Low Wind
3233,0.9086830160849013,28,67,Low Wind
3234,2.698733467288564,295,276,Moderate Wind
3235,3.8753468319188245,376,134,Strong Wind
3236,6.116050988611623,410,339,Strong Wind
3237,1.9411931378594267,427,109,Moderate Wind
3238,1.2338171772695623,223,253,Low Wind
3239,1.2326272289121136,291,341,Low Wind
3240,0.5331966210895472,225,124,Low Wind
3241,5.807897904781811,160,349,Strong Wind
3242,5.859516461071353,20,320,Strong Wind
3243,0.36140279004274445,152,81,Low Wind
3244,0.4966384519288736,83,118,Low Wind
3245,3.5926547676104046,225,59,Moderate Wind
3246,6.2584422006256135,400,317,Strong Wind
3247,2.3408831969419124,387,41,Moderate Wind
3248,0.5777513125287901,216,292,Low Wind
3249,2.853195828195141,95,291,Moderate Wind
3250,4.077057507256257,317,84,Strong Wind
3251,0.6247102728661257,192,216,Low Wind
3252,3.7417692281163193,316,124,Moderate Wind
3253,4.173379337583576,313,67,Strong Wind
3254,0.7490229106856754,200,249,Low Wind
3255,1.7437700531781486,69,61,Moderate Wind
3256,0.9949993359981636,229,294,Low Wind
3257,1.4104892400751914,441,98,Low Wind
3258,1.1316691161045067,91,10,Low Wind
3259,5.336969948730766,301,223,Strong Wind
3260,3.0129445618358144,249,167,Moderate Wind
3261,1.3170519624682016,230,261,Low Wind
3262,0.36044969560517875,220,124,Low Wind
3263,0.8577249301146256,188,135,Low Wind
3264,4.192010801053427,322,65,Strong Wind
3265,5.781717559609167,362,251,Strong Wind
3266,0.5626030468226889,193,126,Low Wind
3267,4.600271866117646,361,279,Strong Wind
3268,1.6543638139427106,436,128,Moderate Wind
3269,0.5878094538415565,132,8,Low Wind
3270,0.8080733913500799,174,158,Low Wind
3271,1.6283138140266311,247,142,Moderate Wind
3272,0.685985066336439,201,270,Low Wind
3273,1.344593811512645,251,336,Low Wind
3274,0.8966177527963001,134,66,Low Wind
3275,6.364218055182969,14,328,Strong Wind
3276,4.053244626003668,255,249,Strong Wind
3277,4.091658340433545,333,71,Strong Wind
3278,2.351891559557672,122,77,Moderate Wind
3279,4.348075575116707,326,35,Strong Wind
3280,2.2607306824167908,7,214,Moderate Wind
3281,2.2984965183459147,428,224,Moderate Wind
3282,5.4058464085515565,337,195,Strong Wind
3283,5.010204509621897,314,177,Strong Wind
3284,5.156995304907237,9,300,Strong Wind
3285,4.486406431215169,262,48,Strong Wind
3286,4.259728370927921,324,159,Strong Wind
3287,5.335938390450836,344,206,Strong Wind
3288,5.387146174886458,324,193,Strong Wind
3289,0.8009412343219049,162,209,Low Wind
3290,1.227614002139525,244,321,Low Wind
3291,2.298229937454615,417,5,Moderate Wind
3292,1.7474178238981382,423,30,Moderate Wind
3293,4.530690449166159,353,174,Strong Wind
3294,3.8037944286236685,37,178,Strong Wind
3295,4.3881500744528115,255,31,Strong Wind
3296,0.6346798703584559,138,36,Low Wind
3297,0.8500005135393102,202,79,Low Wind
3298,2.5294115300375113,222,220,Moderate Wind
3299,4.82718342348619,304,28,Strong Wind
3300,3.004047082797596,242,101,Moderate Wind
3301,1.8631803841424004,110,99,Moderate Wind
3302,3.9686631973724,33,282,Strong Wind
3303,0.6090004458298529,109,168,Low Wind
3304,4.132864759988098,60,283,Strong Wind
3305,4.301382645299397,257,67,Strong Wind
3306,5.818543789535682,346,220,Strong Wind
3307,0.9093346462512375,219,154,Low Wind
3308,2.378102511220206,296,297,Moderate Wind
3309,0.7507400881586288,213,305,Low Wind
3310,0.6780578846902441,181,71,Low Wind
3311,1.6508576368682737,122,63,Moderate Wind
3312,6.227443835975285,431,278,Strong Wind
3313,4.624667846038017,271,20,Strong Wind
3314,3.2037603573856406,365,76,Moderate Wind
3315,0.36661333095506893,118,222,Low Wind
3316,1.6986635640694165,403,40,Moderate Wind
3317,5.238982022557313,339,311,Strong Wind
3318,2.0532654386347042,173,341,Moderate Wind
3319,6.227443835975285,431,278,Strong Wind
3320,2.079469140001555,115,61,Moderate Wind
3321,2.241412786876879,415,19,Moderate Wind
3322,1.4842710828017238,96,20,Moderate Wind
3323,2.8404320217568477,372,18,Moderate Wind
3324,6.016211780913214,359,332,Strong Wind
3325,2.6118056992458714,381,18,Moderate Wind
3326,0.44784545259864084,132,221,Low Wind
3327,2.2932587796623194,122,75,Moderate Wind
3328,3.6456413097207485,381,116,Moderate Wind
3329,6.343236111840088,163,354,Strong Wind
3330,0.9533040853263353,22,59,Low Wind
3331,5.997038949414145,432,330,Strong Wind
3332,3.1118218577652152,53,227,Moderate Wind
3333,2.917571617112701,67,266,Moderate Wind
3334,3.0841735703921747,79,255,Moderate Wind
3335,1.192246036045865,275,298,Low Wind
3336,0.5761073102350247,116,194,Low Wind
3337,5.197584110938578,94,317,Strong Wind
3338,2.9375976202736918,393,151,Moderate Wind
3339,1.0928036297058457,226,319,Low Wind
3340,2.438747192943186,255,148,Moderate Wind
3341,3.2580539269456716,378,103,Moderate Wind
3342,5.52487049107315,326,324,Strong Wind
3343,7.070048269802487,58,346,Strong Wind
3344,5.322997196813586,320,188,Strong Wind
3345,6.155449360669804,429,283,Strong Wind
3346,0.5464631345481663,190,35,Low Wind
3347,0.4419154779311662,150,155,Low Wind
3348,1.1146253657937124,111,117,Low Wind
3349,4.23133169080282,284,54,Strong Wind
3350,2.9763948352933927,231,91,Moderate Wind
3351,2.464316257698516,226,232,Moderate Wind
3352,3.28638724206658,304,119,Moderate Wind
3353,2.938195579748306,70,264,Moderate Wind
3354,1.8648926835052118,61,57,Moderate Wind
3355,1.1125049387373624,270,329,Low Wind
3356,5.003352165489934,319,235,Strong Wind
3357,5.333629465821268,299,220,Strong Wind
3358,2.8531635454224427,287,272,Moderate Wind
3359,3.5833501855898215,375,174,Moderate Wind
3360,5.298424325682382,288,219,Strong Wind
3361,0.4001307766147316,142,253,Low Wind
3362,2.976889598181888,67,222,Moderate Wind
3363,2.620675230529152,386,24,Moderate Wind
3364,0.5706713530368002,163,289,Low Wind
3365,0.9400791476735516,170,204,Low Wind
3366,4.35553517821269,330,30,Strong Wind
3367,5.426858311959966,333,347,Strong Wind
3368,5.415024355142169,376,258,Strong Wind
3369,5.539456944797815,375,323,Strong Wind
3370,0.31030722280729195,162,48,Low Wind
3371,5.27651010390865,390,279,Strong Wind
3372,4.768490542194871,276,13,Strong Wind
3373,4.06515116311413,312,140,Strong Wind
3374,1.8954534608776619,125,99,Moderate Wind
3375,0.4483758910952449,131,163,Low Wind
3376,5.03109837453591,324,179,Strong Wind
3377,4.254252489668449,323,159,Strong Wind
3378,3.4540544423429935,387,190,Moderate Wind
3379,1.6883092819023204,408,35,Moderate Wind
3380,0.6034811548525857,67,90,Low Wind
3381,0.693828928938526,90,172,Low Wind
3382,4.760627809956872,281,209,Strong Wind
3383,5.106920229831854,353,311,Strong Wind
3384,0.8284593041292332,46,79,Low Wind
3385,2.145755836674769,220,76,Moderate Wind
3386,0.4054392094243085,41,110,Low Wind
3387,3.768146158456384,353,86,Moderate Wind
3388,6.922034360734558,110,342,Strong Wind
3389,4.970343634875431,337,307,Strong Wind
3390,0.6089427844197104,136,199,Low Wind
3391,1.2714644247319478,222,199,Low Wind
3392,2.676204351515098,24,224,Moderate Wind
3393,0.4744372616069773,198,289,Low Wind
3394,0.46055561021598945,165,178,Low Wind
3395,1.7105017183213562,108,43,Moderate Wind
3396,5.70424909744926,305,240,Strong Wind
3397,6.264926354601045,373,351,Strong Wind
3398,3.252702242739681,389,141,Moderate Wind
3399,2.2197895590715917,101,255,Moderate Wind
3400,5.588553901268353,351,252,Strong Wind
3401,0.9295676582090542,192,178,Low Wind
3402,2.704394940378653,395,176,Moderate Wind
3403,6.922738899920749,5,337,Strong Wind
3404,1.140080922821791,203,47,Low Wind
3405,1.5057823651778097,91,101,Moderate Wind
3406,0.7488695399796219,141,78,Low Wind
3407,2.8801914234226933,29,214,Moderate Wind
3408,1.5874999653557926,435,97,Moderate Wind
3409,1.8561667468973349,413,29,Moderate Wind
3410,0.782155012711632,136,29,Low Wind
3411,2.3484081060440714,27,129,Moderate Wind
3412,1.5286878106514923,231,116,Moderate Wind
3413,1.39089378510323,434,134,Low Wind
3414,4.37530903834063,255,243,Strong Wind
3415,0.5442468445725381,167,181,Low Wind
3416,2.674946478861122,308,301,Moderate Wind
3417,0.9177766770164598,185,200,Low Wind
3418,1.8731031028103318,78,71,Moderate Wind
3419,0.3667714494982921,119,135,Low Wind
3420,0.7683151893806004,203,214,Low Wind
3421,2.2812169086640046,232,169,Moderate Wind
3422,1.383921440653149,427,147,Low Wind
3423,3.2061103039963017,383,110,Moderate Wind
3424,0.654850592283645,186,71,Low Wind
3425,3.151831916619136,77,251,Moderate Wind
3426,1.1466554814161618,134,282,Low Wind
3427,0.5532920995316829,156,253,Low Wind
3428,0.4310690410757074,129,156,Low Wind
3429,5.094334323075304,356,196,Strong Wind
3430,6.501732813034165,49,328,Strong Wind
3431,4.553597022327849,75,299,Strong Wind
3432,3.013634229701743,8,136,Moderate Wind
3433,1.2997820283591952,150,102,Low Wind
3434,2.816297848994637,134,315,Moderate Wind
3435,2.5446128004150235,3,3,Moderate Wind
3436,6.000930544757904,420,314,Strong Wind
3437,2.5951382210509757,229,232,Moderate Wind
3438,1.3645834233189709,92,22,Low Wind
3439,3.869485019841073,362,140,Strong Wind
3440,1.96978284986154,390,72,Moderate Wind
3441,2.956951624940424,233,219,Moderate Wind
3442,5.622397907863895,442,303,Strong Wind
3443,2.7713242865971597,301,345,Moderate Wind
3444,3.6610010868739686,42,196,Moderate Wind
3445,0.8873891144923765,36,71,Low Wind
3446,2.309231191890739,216,70,Moderate Wind
3447,4.4570842281841,290,41,Strong Wind
3448,0.5466966892934698,146,144,Low Wind
3449,0.6641500684315947,103,152,Low Wind
3450,5.221319979181143,33,305,Strong Wind
3451,2.621311834699175,4,2,Moderate Wind
3452,2.8813583639361644,430,233,Moderate Wind
3453,6.586114995336968,111,336,Strong Wind
3454,4.358487142912042,303,47,Strong Wind
3455,4.0989107949235715,312,10,Strong Wind
3456,2.3284770134022397,406,195,Moderate Wind
3457,6.17972171412296,145,344,Strong Wind
3458,5.372444706033407,305,193,Strong Wind
3459,2.3365681620654066,94,245,Moderate Wind
3460,2.8007053592299367,13,237,Moderate Wind
3461,2.9871626701378733,369,72,Moderate Wind
3462,3.993312911324483,373,116,Strong Wind
3463,2.449038851679772,106,283,Moderate Wind
3464,4.92471896628565,353,185,Strong Wind
3465,2.4651718760799044,97,253,Moderate Wind
3466,0.9256258069806316,194,142,Low Wind
3467,1.4489881721960256,138,106,Moderate Wind
3468,5.472194200165896,337,281,Strong Wind
3469,1.8480838911934974,410,111,Moderate Wind
3470,3.878952508854353,292,152,Strong Wind
3471,0.5285100465932575,173,7,Low Wind
3472,6.707402204007673,100,334,Strong Wind
3473,5.707347447266901,438,315,Strong Wind
3474,4.4611872694914485,305,164,Strong Wind
3475,1.4879698442432379,438,97,Moderate Wind
3476,4.9552896673096924,433,252,Strong Wind
3477,3.345486465186687,291,134,Moderate Wind
3478,0.9333098098032728,171,195,Low Wind
3479,1.468679368387762,113,258,Moderate Wind
3480,5.265372779556693,293,217,Strong Wind
3481,1.0631758990262128,289,328,Low Wind
3482,0.4636813452430525,162,268,Low Wind
3483,0.9904985812302103,236,146,Low Wind
3484,5.258249986370352,342,304,Strong Wind
3485,1.1830671321060786,3,51,Low Wind
3486,5.235922677259897,100,318,Strong Wind
3487,0.6353488216866302,140,210,Low Wind
3488,2.177698672901378,414,86,Moderate Wind
3489,3.2111015681945525,3,134,Moderate Wind
3490,4.2480499695283,259,68,Strong Wind
3491,5.341109824832156,49,304,Strong Wind
3492,2.489115378737577,391,106,Moderate Wind
3493,3.1427752627142014,8,204,Moderate Wind
3494,3.0346336990138845,262,205,Moderate Wind
3495,0.932512860680809,198,13,Low Wind
3496,3.9285457709647655,292,84,Strong Wind
3497,5.597473786131904,338,213,Strong Wind
3498,4.145818132682522,237,64,Strong Wind
3499,2.0605369689920563,37,236,Moderate Wind
3500,0.6623818955338939,206,277,Low Wind
3501,2.142827869261629,101,96,Moderate Wind
3502,0.5294511701049465,145,180,Low Wind
3503,1.2773395973650379,219,245,Low Wind
3504,4.478999318147295,263,51,Strong Wind
3505,5.081128924266435,292,212,Strong Wind
3506,4.212632788613555,253,70,Strong Wind
3507,1.7381638697359736,80,83,Moderate Wind
3508,0.7614883674962494,154,199,Low Wind
3509,3.882814228888505,326,100,Strong Wind
3510,5.601720632996391,347,240,Strong Wind
3511,2.829278430129206,9,140,Moderate Wind
3512,0.9813316318213049,212,260,Low Wind
3513,4.471018141170544,295,41,Strong Wind
3514,0.8788378123439474,35,121,Low Wind
3515,3.5321400362498925,250,244,Moderate Wind
3516,0.4360971094630881,225,130,Low Wind
3517,1.1133979994267973,237,327,Low Wind
3518,0.8224721572376866,57,155,Low Wind
3519,0.841230423574493,440,139,Low Wind
3520,6.823772946058225,76,341,Strong Wind
3521,0.7609647216595198,238,347,Low Wind
3522,1.659980879914803,244,151,Moderate Wind
3523,2.552063960665313,292,260,Moderate Wind
3524,5.353006890179001,328,343,Strong Wind
3525,0.937491709785089,166,199,Low Wind
3526,1.2688424076034008,131,291,Low Wind
3527,2.8460240159315497,17,211,Moderate Wind
3528,3.215712408267348,271,102,Moderate Wind
3529,1.1810572919397424,432,141,Low Wind
3530,3.04759765609908,259,215,Moderate Wind
3531,2.5445199842160187,17,229,Moderate Wind
3532,4.307759898560224,271,173,Strong Wind
3533,2.144687851833206,94,79,Moderate Wind
3534,0.6824334742102198,199,243,Low Wind
3535,1.5697519927026122,46,254,Moderate Wind
3536,0.9068844110976769,175,193,Low Wind
3537,4.928242117251484,338,296,Strong Wind
3538,5.421090096643593,338,321,Strong Wind
3539,3.4997833388583,311,267,Moderate Wind
3540,3.6841904347383747,371,151,Moderate Wind
3541,4.1070298593442836,344,126,Strong Wind
3542,1.9017460005624587,15,24,Moderate Wind
3543,4.02915853310485,311,263,Strong Wind
3544,5.461654760090755,345,245,Strong Wind
3545,2.431236363062427,35,165,Moderate Wind
3546,0.9706510477455051,199,62,Low Wind
3547,1.8867747782864266,99,66,Moderate Wind
3548,3.999905150727295,340,71,Strong Wind
3549,4.496722886193343,315,166,Strong Wind
3550,5.073586295030611,324,180,Strong Wind
3551,2.8018714080037017,409,148,Moderate Wind
3552,5.943690074159557,349,229,Strong Wind
3553,0.5893335624976609,132,199,Low Wind
3554,0.5028835823563579,164,61,Low Wind
3555,1.8141919205549562,438,123,Moderate Wind
3556,0.44128141295276235,209,334,Low Wind
3557,0.3984717506964462,126,217,Low Wind
3558,1.199910835988407,202,179,Low Wind
3559,1.0887959944737844,99,220,Low Wind
3560,1.261494000805169,225,259,Low Wind
3561,1.0579957526313226,65,170,Low Wind
3562,4.413497295311827,316,45,Strong Wind
3563,1.345830917372703,235,253,Low Wind
3564,3.2994748954436552,303,110,Moderate Wind
3565,4.491578097095108,305,255,Strong Wind
3566,0.5087044841772006,79,7,Low Wind
3567,3.895644045974775,325,94,Strong Wind
3568,5.850018132450657,40,321,Strong Wind
3569,0.748240950733934,220,296,Low Wind
3570,2.3255351525084187,10,162,Moderate Wind
3571,1.8112106013330789,412,111,Moderate Wind
3572,5.460176006789613,344,249,Strong Wind
3573,1.1406122791496063,234,276,Low Wind
3574,4.190935971698223,263,222,Strong Wind
3575,1.7520498151778094,412,168,Moderate Wind
3576,3.8754532045245402,28,194,Strong Wind
3577,5.596517936461826,95,320,Strong Wind
3578,0.4056624197925986,55,122,Low Wind
3579,6.091854991388348,400,286,Strong Wind
3580,2.711284914913755,240,109,Moderate Wind
3581,1.5042586600850398,101,24,Moderate Wind
3582,2.298529320588211,416,10,Moderate Wind
3583,1.0814594020124442,162,311,Low Wind
3584,5.634038607566432,360,231,Strong Wind
3585,2.1216926526911006,35,245,Moderate Wind
3586,6.193677558438788,390,348,Strong Wind
3587,1.2640130983324795,12,31,Low Wind
3588,4.70195282608702,95,314,Strong Wind
3589,1.1278293250262674,182,339,Low Wind
3590,2.341655540845973,10,13,Moderate Wind
3591,3.584607707842291,373,155,Moderate Wind
3592,5.733243029192563,344,338,Strong Wind
3593,1.984297529377695,65,200,Moderate Wind
3594,1.1478981341325858,74,85,Low Wind
3595,0.8549944001086591,180,190,Low Wind
3596,0.9669823809817095,215,314,Low Wind
3597,0.9773453727067023,186,8,Low Wind
3598,0.9014899798868232,221,274,Low Wind
3599,2.81407121706043,414,139,Moderate Wind
3600,1.0899907626191663,125,279,Low Wind
3601,5.8586335234343405,54,310,Strong Wind
3602,1.0716738681836697,106,229,Low Wind
3603,2.1765327172799465,90,87,Moderate Wind
3604,4.291594824594757,270,194,Strong Wind
3605,0.6104905071538735,104,165,Low Wind
3606,4.497171952824122,261,19,Strong Wind
3607,0.8669787775006687,127,123,Low Wind
3608,0.7630478349735398,204,92,Low Wind
3609,1.939776281032794,435,7,Moderate Wind
3610,1.1270994717758458,105,118,Low Wind
3611,3.2319689700969594,63,238,Moderate Wind
3612,1.7871281234795688,428,96,Moderate Wind
3613,0.6759477893792051,79,136,Low Wind
3614,0.2531278758277569,158,37,Low Wind
3615,0.7784320170942572,88,160,Low Wind
3616,3.931008512234907,334,107,Strong Wind
3617,1.6250401703195843,80,210,Moderate Wind
3618,1.3598905690411232,19,114,Low Wind
3619,0.8356336287143836,100,212,Low Wind
3620,3.1261953870856654,262,202,Moderate Wind
3621,0.5418516019973331,177,57,Low Wind
3622,1.661729246671009,120,60,Moderate Wind
3623,0.8465632435016383,72,38,Low Wind
3624,0.182293115392594,164,40,Low Wind
3625,1.7008500630837928,95,233,Moderate Wind
3626,3.163110768668241,301,333,Moderate Wind
3627,5.3597363124651345,317,190,Strong Wind
3628,3.206395070962043,362,63,Moderate Wind
3629,0.9818272860524547,139,276,Low Wind
3630,5.539632432381682,336,341,Strong Wind
3631,1.7423607447046967,431,98,Moderate Wind
3632,0.4445880049822496,145,234,Low Wind
3633,0.5844544539901115,143,24,Low Wind
3634,0.6408884790288911,140,134,Low Wind
3635,0.6513396346914939,187,71,Low Wind
3636,0.6690996466872378,85,141,Low Wind
3637,3.722753883064948,348,59,Moderate Wind
3638,5.3217879393327845,347,310,Strong Wind
3639,2.6962957762500808,3,141,Moderate Wind
3640,2.2119438598815164,217,72,Moderate Wind
3641,3.395656238974559,375,288,Moderate Wind
3642,5.175306076497557,355,315,Strong Wind
3643,5.428272826839685,323,209,Strong Wind
3644,4.877613078252973,327,176,Strong Wind
3645,0.42411006409716306,208,337,Low Wind
3646,2.982135414511465,366,307,Moderate Wind
3647,1.8262136247771719,228,200,Moderate Wind
3648,0.5104606013816237,180,227,Low Wind
3649,0.42909069243244374,178,303,Low Wind
3650,1.3426037260678623,160,123,Low Wind
3651,3.88429674925766,307,93,Strong Wind
3652,4.509203013689082,234,29,Strong Wind
3653,0.9974211064523502,16,59,Low Wind
3654,5.451043554482076,332,342,Strong Wind
3655,5.324589174764754,404,257,Strong Wind
3656,1.0585036073215006,18,51,Low Wind
3657,2.471034778931875,286,266,Moderate Wind
3658,0.7639109826283595,60,13,Low Wind
3659,5.6398756685845886,369,257,Strong Wind
3660,5.931836429154577,429,292,Strong Wind
3661,3.690495729709188,273,85,Moderate Wind
3662,3.7295536249474224,360,301,Moderate Wind
3663,6.33700090802668,404,324,Strong Wind
3664,3.8657209310506015,344,78,Strong Wind
3665,5.764314208109289,347,333,Strong Wind
3666,5.82332554804754,437,263,Strong Wind
3667,1.6721395475872143,410,103,Moderate Wind
3668,4.172942414025487,330,133,Strong Wind
3669,3.900227517785416,111,304,Strong Wind
3670,4.9246261161300415,320,176,Strong Wind
3671,2.045297970072717,125,296,Moderate Wind
3672,0.4658782125940262,70,19,Low Wind
3673,0.3083787816345436,176,101,Low Wind
3674,4.988706509648616,388,266,Strong Wind
3675,4.74487481348917,255,1,Strong Wind
3676,1.6146454203105538,126,67,Moderate Wind
3677,1.4357581906288834,243,272,Moderate Wind
3678,3.3842036817039602,289,137,Moderate Wind
3679,0.5575243688014511,142,266,Low Wind
3680,1.23215044335315,120,275,Low Wind
3681,0.4461677445717992,177,231,Low Wind
3682,2.342231858742611,407,86,Moderate Wind
3683,1.0751596294226875,435,216,Low Wind
3684,3.6583132906320417,349,13,Moderate Wind
3685,3.421937130456119,274,93,Moderate Wind
3686,0.4568972270347389,198,291,Low Wind
3687,1.1770463292404256,126,61,Low Wind
3688,3.319745600551272,1,134,Moderate Wind
3689,3.1106702543303832,257,101,Moderate Wind
3690,1.194790219120614,239,318,Low Wind
3691,5.455048068257123,331,338,Strong Wind
3692,4.9539696083440905,291,13,Strong Wind
3693,3.3416173952461725,361,75,Moderate Wind
3694,5.282534724807608,365,225,Strong Wind
3695,0.761351363947799,210,147,Low Wind
3696,0.9122027275359068,180,158,Low Wind
3697,2.503067284965484,258,209,Moderate Wind
3698,4.570915342919716,343,170,Strong Wind
3699,2.0496429871441557,2,116,Moderate Wind
3700,2.585691583589386,392,11,Moderate Wind
3701,1.8464988237803426,50,245,Moderate Wind
3702,5.265512609316749,349,310,Strong Wind
3703,3.405516614600866,42,201,Moderate Wind
3704,3.924569957886286,392,225,Strong Wind
3705,1.7185580892716,55,49,Moderate Wind
3706,4.406838433588033,237,33,Strong Wind
3707,0.5819144533069476,130,207,Low Wind
3708,2.9862412166450567,248,103,Moderate Wind
3709,3.5742877593489935,256,191,Moderate Wind
3710,2.4375059472306884,8,145,Moderate Wind
3711,2.698208778980838,15,147,Moderate Wind
3712,2.0602227792700583,248,209,Moderate Wind
3713,3.0757510583845327,247,169,Moderate Wind
3714,4.3971728429828065,389,294,Strong Wind
3715,3.598756605913872,382,116,Moderate Wind
3716,1.9894576366623045,208,54,Moderate Wind
3717,0.9839524288639311,204,24,Low Wind
3718,2.6469562686193946,60,257,Moderate Wind
3719,3.2109526742766237,2,127,Moderate Wind
3720,3.2393273576525403,262,200,Moderate Wind
3721,1.0253401786291851,430,148,Low Wind
3722,3.2814857196781055,304,113,Moderate Wind
3723,5.542493204597195,86,318,Strong Wind
3724,5.059221712787737,358,197,Strong Wind
3725,1.7508355575980472,24,41,Moderate Wind
3726,5.3413445902132946,372,231,Strong Wind
3727,0.7283323201596948,132,58,Low Wind
3728,5.825646729042133,296,239,Strong Wind
3729,1.7623471688717245,414,109,Moderate Wind
3730,0.5641115858142818,155,220,Low Wind
3731,4.747829924535207,292,175,Strong Wind
3732,3.0597921308245377,367,2,Moderate Wind
3733,1.4238220915885333,101,11,Low Wind
3734,2.304194819553432,44,174,Moderate Wind
3735,5.115479674946003,369,224,Strong Wind
3736,5.4076159294827,311,196,Strong Wind
3737,0.7477556826407579,213,107,Low Wind
3738,0.462634834515531,151,246,Low Wind
3739,3.2024691187411474,269,102,Moderate Wind
3740,0.6032704850772674,208,324,Low Wind
3741,4.649933468591171,275,212,Strong Wind
3742,1.588109942539553,294,348,Moderate Wind
3743,3.1154771215608754,262,151,Moderate Wind
3744,1.4385684330095219,148,108,Moderate Wind
3745,0.50422745230088,100,135,Low Wind
3746,3.590697781226816,267,273,Moderate Wind
3747,5.38493945725384,320,193,Strong Wind
3748,2.7632955395663283,237,215,Moderate Wind
3749,0.757780484580771,165,302,Low Wind
3750,3.273085076780214,282,138,Moderate Wind
3751,6.004809241930436,439,337,Strong Wind
3752,2.1966591630315637,219,228,Moderate Wind
3753,1.1688926549557344,218,256,Low Wind
3754,1.5371484546788663,246,273,Moderate Wind
3755,0.6722806557622747,217,331,Low Wind
3756,2.4121452012652633,398,10,Moderate Wind
3757,0.487590225966903,195,336,Low Wind
3758,5.4618668073442995,360,265,Strong Wind
3759,0.601239616023357,109,171,Low Wind
3760,1.6255512561796965,46,40,Moderate Wind
3761,0.7352149141496612,204,232,Low Wind
3762,0.7023014451033848,122,12,Low Wind
3763,1.710279330359097,49,62,Moderate Wind
3764,0.5586938875638563,141,52,Low Wind
3765,4.990513619477563,340,180,Strong Wind
3766,4.115014343303454,349,114,Strong Wind
3767,0.4823362231765915,187,120,Low Wind
3768,4.441663235229604,325,31,Strong Wind
3769,0.6203419790831084,140,200,Low Wind
3770,0.6741165345807464,100,157,Low Wind
3771,4.009435502377633,347,136,Strong Wind
3772,1.0593721023815619,134,270,Low Wind
3773,4.9674131293884445,292,186,Strong Wind
3774,0.9123530130378162,193,140,Low Wind
3775,3.7773839919132546,12,181,Strong Wind
3776,5.178703071565001,296,213,Strong Wind
3777,0.6386222393839825,108,154,Low Wind
3778,3.0078395118776164,217,29,Moderate Wind
3779,5.77188607306406,116,327,Strong Wind
3780,3.5064073445735087,40,216,Moderate Wind
3781,0.6795150872886186,178,67,Low Wind
3782,4.920134065506061,359,190,Strong Wind
3783,2.9577643383241483,271,115,Moderate Wind
3784,0.9874836926573357,189,16,Low Wind
3785,3.304224169572915,68,248,Moderate Wind
3786,4.619355914628702,297,36,Strong Wind
3787,3.6822198304442106,351,69,Moderate Wind
3788,4.995250430237057,360,317,Strong Wind
3789,4.917989930825922,444,259,Strong Wind
3790,3.4569930637512067,51,222,Moderate Wind
3791,4.48501114802799,266,39,Strong Wind
3792,1.2164138048727284,246,336,Low Wind
3793,4.503861347790668,305,165,Strong Wind
3794,3.534760968442888,52,213,Moderate Wind
3795,2.269261901222876,412,191,Moderate Wind
3796,0.4049245593915957,136,251,Low Wind
3797,1.9281518715008976,28,126,Moderate Wind
3798,5.6455753514583895,435,311,Strong Wind
3799,1.4934961116946075,181,344,Moderate Wind
3800,0.5866876135688389,169,275,Low Wind
3801,0.41460596281484835,122,226,Low Wind
3802,1.9272037540825506,314,295,Moderate Wind
3803,5.5825848804799705,350,254,Strong Wind
3804,5.724565960800655,418,258,Strong Wind
3805,0.7765009017459331,214,325,Low Wind
3806,0.7034003305487494,156,213,Low Wind
3807,0.35446361904034196,145,71,Low Wind
3808,2.2364093405320227,410,5,Moderate Wind
3809,1.0295717192212082,18,53,Low Wind
3810,3.5574823217398035,8,274,Moderate Wind
3811,5.381639694031559,344,209,Strong Wind
3812,4.427354796991539,277,44,Strong Wind
3813,0.9012499785316551,31,70,Low Wind
3814,1.370645138243757,0,97,Low Wind
3815,1.4802032483280374,413,63,Moderate Wind
3816,6.224639607996148,120,334,Strong Wind
3817,1.2164138048727284,246,336,Low Wind
3818,2.0293739830293887,50,260,Moderate Wind
3819,1.897315410984487,211,38,Moderate Wind
3820,3.3317312740179865,14,201,Moderate Wind
3821,3.3004916132660185,370,42,Moderate Wind
3822,1.746884835663181,63,67,Moderate Wind
3823,1.1621923650314756,0,45,Low Wind
3824,3.229349391169151,287,133,Moderate Wind
3825,1.4547021596213847,440,40,Moderate Wind
3826,0.8187846244232404,23,80,Low Wind
3827,4.354611706975501,27,177,Strong Wind
3828,2.2769974591909787,406,80,Moderate Wind
3829,5.796025910266604,338,264,Strong Wind
3830,1.9770372884340761,259,285,Moderate Wind
3831,1.3182262501349293,83,60,Low Wind
3832,2.8009793529088074,288,272,Moderate Wind
3833,2.4427374816608527,395,18,Moderate Wind
3834,3.1568587058987987,35,214,Moderate Wind
3835,5.194589075147113,360,270,Strong Wind
3836,7.1296754959990745,105,342,Strong Wind
3837,1.646015293436798,94,52,Moderate Wind
3838,1.725779896068339,94,45,Moderate Wind
3839,5.76615527365677,73,321,Strong Wind
3840,2.738832640968618,375,310,Moderate Wind
3841,2.2762085557903915,392,39,Moderate Wind
3842,1.6302659511890227,81,66,Moderate Wind
3843,0.8189953802358672,204,256,Low Wind
3844,5.608579743004498,329,227,Strong Wind
3845,2.780411698270974,257,154,Moderate Wind
3846,4.716700415965866,354,303,Strong Wind
3847,0.8437797993904766,210,194,Low Wind
3848,1.25713312305819,80,58,Low Wind
3849,7.142620821374098,60,347,Strong Wind
3850,3.999796024580192,321,86,Strong Wind
3851,1.6811006791019754,415,176,Moderate Wind
3852,2.3874191158675604,413,199,Moderate Wind
3853,0.48076195505080094,141,60,Low Wind
3854,1.0768603377984236,95,211,Low Wind
3855,2.0283680151043915,427,133,Moderate Wind
3856,3.9030389749696575,337,84,Strong Wind
3857,1.3789366642407401,259,334,Low Wind
3858,5.179904456232325,354,314,Strong Wind
3859,0.7096359070814997,177,7,Low Wind
3860,4.149237997040178,333,62,Strong Wind
3861,2.0611679767034428,88,88,Moderate Wind
3862,0.5238183310789654,123,129,Low Wind
3863,4.4857605866189045,304,11,Strong Wind
3864,2.1257263490143576,104,61,Moderate Wind
3865,4.136521277732345,14,284,Strong Wind
3866,2.9181648155530797,99,293,Moderate Wind
3867,0.9701072418052479,214,265,Low Wind
3868,2.954013803987893,77,278,Moderate Wind
3869,0.8855239574745686,192,194,Low Wind
3870,3.261660254748548,74,245,Moderate Wind
3871,0.9679691993554141,13,64,Low Wind
3872,3.6620653607652316,426,236,Moderate Wind
3873,0.7829956263514419,215,304,Low Wind
3874,3.2618544431116403,217,52,Moderate Wind
3875,3.751750562317237,362,96,Moderate Wind
3876,1.9437967374568532,27,20,Moderate Wind
3877,1.672424026477011,441,127,Moderate Wind
3878,0.5725780549164055,105,145,Low Wind
3879,2.0744588073239987,406,27,Moderate Wind
3880,5.396121518148082,64,302,Strong Wind
3881,1.8077989791610787,240,247,Moderate Wind
3882,3.005791986249672,53,270,Moderate Wind
3883,4.396731709238692,254,38,Strong Wind
3884,4.658406245695926,371,197,Strong Wind
3885,1.1207664349470903,84,192,Low Wind
3886,0.5618048180192572,140,38,Low Wind
3887,0.49188596464026063,128,248,Low Wind
3888,0.692228041824048,71,0,Low Wind
3889,1.124675105633294,74,187,Low Wind
3890,1.416943005855796,253,337,Low Wind
3891,5.891605375892043,335,263,Strong Wind
3892,1.058340881537576,95,113,Low Wind
3893,2.8012783354144144,75,273,Moderate Wind
3894,0.7711178411777029,160,296,Low Wind
3895,4.3948799686108995,360,283,Strong Wind
3896,3.967210084504487,369,133,Strong Wind
3897,5.009246680948492,320,234,Strong Wind
3898,1.065326403830827,266,313,Low Wind
3899,5.460391484955974,346,270,Strong Wind
3900,2.4903166722049117,32,139,Moderate Wind
3901,2.070303365324585,424,119,Moderate Wind
3902,3.496930639683553,247,227,Moderate Wind
3903,5.461326438546963,359,265,Strong Wind
3904,5.148143892046428,282,245,Strong Wind
3905,5.257032265176837,164,349,Strong Wind
3906,4.338719839802958,230,35,Strong Wind
3907,4.961966505189089,361,194,Strong Wind
3908,4.47473068070507,360,312,Strong Wind
3909,7.1884833490179325,3,342,Strong Wind
3910,3.4936997182916265,1,191,Moderate Wind
3911,3.477885810124897,75,285,Moderate Wind
3912,2.6951687256668544,237,213,Moderate Wind
3913,0.6011591822970604,135,49,Low Wind
3914,0.8725345092309513,285,317,Low Wind
3915,4.053074478871071,136,326,Strong Wind
3916,0.8776635263876453,103,220,Low Wind
3917,2.2416674366369067,253,269,Moderate Wind
3918,3.315371661229923,219,35,Moderate Wind
3919,4.692855225110153,259,245,Strong Wind
3920,6.28341551546474,426,272,Strong Wind
3921,3.659712643261538,19,262,Moderate Wind
3922,0.6301804091889462,99,179,Low Wind
3923,0.8496930732640665,112,4,Low Wind
3924,0.6100896993094486,111,172,Low Wind
3925,1.0798244585392467,230,322,Low Wind
3926,0.41925106686733543,163,88,Low Wind
3927,3.7230500521245182,311,0,Moderate Wind
3928,0.9066720255340924,210,93,Low Wind
3929,4.904616693172651,355,310,Strong Wind
3930,3.0013515834317896,5,175,Moderate Wind
3931,3.0041402142581446,379,35,Moderate Wind
3932,0.6157323431336552,121,175,Low Wind
3933,4.1826085572480745,324,137,Strong Wind
3934,1.7867846419064466,436,22,Moderate Wind
3935,2.9998518946336556,246,222,Moderate Wind
3936,5.92727563657623,422,313,Strong Wind
3937,4.185143938529254,276,259,Strong Wind
3938,1.2134948574452293,266,331,Low Wind
3939,0.5616902981211173,169,223,Low Wind
3940,2.2689337453007714,275,289,Moderate Wind
3941,6.316477985244362,145,345,Strong Wind
3942,5.780764032000136,362,249,Strong Wind
3943,3.611631024716815,352,65,Moderate Wind
3944,1.0415988610306164,25,100,Low Wind
3945,5.6945533244664395,352,326,Strong Wind
3946,2.8990255384567907,378,41,Moderate Wind
3947,1.1049230845383593,184,138,Low Wind
3948,3.3437686232568957,385,114,Moderate Wind
3949,3.3436412789869787,283,98,Moderate Wind
3950,0.4059096502495079,133,249,Low Wind
3951,3.5230275159025464,370,287,Moderate Wind
3952,1.412915148883754,106,34,Low Wind
3953,0.7642866481726475,209,311,Low Wind
3954,2.2342727365501314,100,86,Moderate Wind
3955,1.9133488058452577,110,98,Moderate Wind
3956,5.681674047148094,436,260,Strong Wind
3957,3.9824798727973585,351,144,Strong Wind
3958,4.150048601804718,281,66,Strong Wind
3959,2.6977034172314007,379,78,Moderate Wind
3960,0.5878799047516553,188,28,Low Wind
3961,0.8674544347494535,185,188,Low Wind
3962,7.0349016688233466,96,337,Strong Wind
3963,3.546559424118465,254,89,Moderate Wind
3964,6.264626821743325,403,338,Strong Wind
3965,1.2184005361228567,77,56,Low Wind
3966,5.721095651259127,437,298,Strong Wind
3967,5.2434721662342225,328,280,Strong Wind
3968,0.7488592668376469,201,243,Low Wind
3969,1.1157260570936633,221,190,Low Wind
3970,3.5848561947916564,52,216,Moderate Wind
3971,1.0083247366839694,174,154,Low Wind
3972,1.5995592196827553,432,133,Moderate Wind
3973,1.041466430969547,172,152,Low Wind
3974,2.3458235302134103,212,64,Moderate Wind
3975,4.316338430475073,16,287,Strong Wind
3976,6.062411132752841,363,353,Strong Wind
3977,0.581242025711661,114,196,Low Wind
3978,0.608718597727242,71,113,Low Wind
3979,1.7194592694583337,210,23,Moderate Wind
3980,3.251493678556422,71,250,Moderate Wind
3981,1.5197972065927001,438,69,Moderate Wind
3982,2.228724416478437,393,39,Moderate Wind
3983,1.733624104453055,94,39,Moderate Wind
3984,1.4835604675156104,91,59,Moderate Wind
3985,5.399356293479923,52,304,Strong Wind
3986,0.4945150139427561,118,206,Low Wind
3987,2.018558519990458,431,121,Moderate Wind
3988,0.6722116962622134,189,92,Low Wind
3989,0.4171855589533584,186,105,Low Wind
3990,0.6818474391102142,92,172,Low Wind
3991,2.4322998081714764,211,56,Moderate Wind
3992,1.3929977541220573,83,39,Low Wind
3993,5.157915681015274,35,303,Strong Wind
3994,1.1378802353223454,131,66,Low Wind
3995,6.475228389469333,35,337,Strong Wind
3996,0.922238278422594,229,122,Low Wind
3997,5.827232216005911,348,336,Strong Wind
3998,4.48844082026561,357,177,Strong Wind
3999,2.1515762159988077,236,115,Moderate Wind
4000,1.0603855994334737,209,213,Low Wind
4001,0.4520955431710242,212,340,Low Wind
4002,5.158811070737523,329,354,Strong Wind
4003,4.10693737394578,349,123,Strong Wind
4004,0.7054065232352035,243,353,Low Wind
4005,4.163506209067156,352,119,Strong Wind
4006,2.582429954343058,256,115,Moderate Wind
4007,0.5983623790137268,95,142,Low Wind
4008,4.385956059627836,267,57,Strong Wind
4009,4.49207756920657,225,13,Strong Wind
4010,2.275479524729968,379,65,Moderate Wind
4011,2.7466947752158886,24,207,Moderate Wind
4012,2.5676709925471344,388,86,Moderate Wind
4013,6.2159592073509815,385,350,Strong Wind
4014,5.625967481575011,436,306,Strong Wind
4015,5.363560886312234,307,234,Strong Wind
4016,0.6084959422777709,114,161,Low Wind
4017,0.3624823632238507,444,169,Low Wind
4018,0.6123393841688446,196,39,Low Wind
4019,3.4401833805184143,136,322,Moderate Wind
4020,1.8506754585646672,104,104,Moderate Wind
4021,3.709985723173602,11,182,Moderate Wind
4022,0.5671630823027899,185,52,Low Wind
4023,2.71947929896441,230,231,Moderate Wind
4024,0.6166690515700821,177,17,Low Wind
4025,0.7155973580791659,65,154,Low Wind
4026,3.629955595328314,19,192,Moderate Wind
4027,4.226251342109872,11,285,Strong Wind
4028,3.864166367165171,365,141,Strong Wind
4029,1.4181235222557211,429,212,Low Wind
4030,4.703575158980228,433,250,Strong Wind
4031,4.520689766654819,256,235,Strong Wind
4032,6.306997225949413,406,318,Strong Wind
4033,4.95508204845846,316,176,Strong Wind
4034,0.43052023016960056,432,167,Low Wind
4035,0.34420182201525207,156,72,Low Wind
4036,5.0986354920649894,27,302,Strong Wind
4037,5.7560069312534585,295,232,Strong Wind
4038,0.5951192191452385,128,178,Low Wind
4039,0.6337841570195949,101,186,Low Wind
4040,3.178297537021241,33,170,Moderate Wind
4041,5.464985701290573,332,280,Strong Wind
4042,4.961939741354029,289,21,Strong Wind
4043,1.074642442477107,216,261,Low Wind
4044,5.6264591760183835,340,336,Strong Wind
4045,4.891787866297254,283,16,Strong Wind
4046,3.2104859580605205,292,287,Moderate Wind
4047,0.40707162713900813,234,353,Low Wind
4048,5.640292715912872,293,242,Strong Wind
4049,5.861265370819501,343,234,Strong Wind
4050,1.4486189786146193,237,254,Moderate Wind
4051,4.563843293804741,268,22,Strong Wind
4052,3.0580370276291218,288,116,Moderate Wind
4053,2.5091878290789422,19,223,Moderate Wind
4054,0.8737327334844026,50,75,Low Wind
4055,2.228445133923916,406,6,Moderate Wind
4056,2.998257929749364,276,118,Moderate Wind
4057,5.207697238134505,3,299,Strong Wind
4058,5.645886424485463,317,258,Strong Wind
4059,4.236360727503541,326,50,Strong Wind
4060,5.552779759012666,349,253,Strong Wind
4061,1.3068581802750743,422,64,Low Wind
4062,2.7496844386331905,287,271,Moderate Wind
4063,0.7293747808110996,163,213,Low Wind
4064,5.1906078201203085,396,264,Strong Wind
4065,3.3472915104654986,263,200,Moderate Wind
4066,3.5513822056328923,353,63,Moderate Wind
4067,1.5350703928919052,437,63,Moderate Wind
4068,1.3059816350324605,109,241,Low Wind
4069,1.7538659303158233,46,239,Moderate Wind
4070,1.496446704832934,407,61,Moderate Wind
4071,3.2874456380476493,371,33,Moderate Wind
4072,0.9512673751896114,207,224,Low Wind
4073,2.4190823662453904,233,187,Moderate Wind
4074,3.636712378839436,46,213,Moderate Wind
4075,3.6370771318339647,21,263,Moderate Wind
4076,2.859200886788167,89,296,Moderate Wind
4077,0.9099329523916712,184,159,Low Wind
4078,4.160973839830985,37,286,Strong Wind
4079,1.0278584172879628,122,115,Low Wind
4080,5.1288760424643405,435,254,Strong Wind
4081,0.4296863670465846,153,161,Low Wind
4082,1.4521146687158495,430,83,Moderate Wind
4083,3.3906479244821175,256,193,Moderate Wind
4084,4.114397995247089,358,124,Strong Wind
4085,2.472756282825756,220,72,Moderate Wind
4086,5.0431640654667795,50,297,Strong Wind
4087,0.5052791121273528,128,5,Low Wind
4088,2.1274974289574033,8,119,Moderate Wind
4089,1.901260298855735,429,105,Moderate Wind
4090,4.224553233398608,269,214,Strong Wind
4091,3.5899014842419863,252,87,Moderate Wind
4092,3.2118219476420804,299,111,Moderate Wind
4093,4.921855033570911,361,192,Strong Wind
4094,0.6854557474833507,156,214,Low Wind
4095,2.714896594893332,228,92,Moderate Wind
4096,3.9257362179548294,341,40,Strong Wind
4097,1.1174630697588535,105,229,Low Wind
4098,3.64368564241378,230,65,Moderate Wind
4099,0.9068178464211862,192,192,Low Wind
4100,3.905823254500459,314,131,Strong Wind
4101,6.341097761930709,414,269,Strong Wind
4102,5.867507245702903,337,261,Strong Wind
4103,3.7155050443285096,238,80,Moderate Wind
4104,3.602098859063998,359,37,Moderate Wind
4105,4.351818755295398,268,59,Strong Wind
4106,0.452505779859828,180,230,Low Wind
4107,1.5007960528570692,180,343,Moderate Wind
4108,5.443950179263162,340,209,Strong Wind
4109,0.4689814350552227,153,87,Low Wind
4110,0.794658497982107,205,233,Low Wind
4111,6.017332049380875,358,349,Strong Wind
4112,5.001334663101008,301,178,Strong Wind
4113,5.063696245515876,16,300,Strong Wind
4114,3.466133128720053,9,269,Moderate Wind
4115,2.862054634826689,89,293,Moderate Wind
4116,0.9802473740292678,117,119,Low Wind
4117,6.131365378805058,438,348,Strong Wind
4118,4.547746035074857,336,169,Strong Wind
4119,1.1429504537755621,52,166,Low Wind
4120,0.8516605118474316,78,153,Low Wind
4121,3.8985893388286024,345,92,Strong Wind
4122,5.412537480846088,50,305,Strong Wind
4123,1.2732399002641084,390,51,Low Wind
4124,3.309817350450653,301,124,Moderate Wind
4125,1.8808140444575898,435,123,Moderate Wind
4126,5.160288073794966,353,199,Strong Wind
4127,5.152064787046445,386,257,Strong Wind
4128,2.0047344875619517,295,269,Moderate Wind
4129,0.8014952545933324,171,189,Low Wind
4130,2.7830114446364598,379,42,Moderate Wind
4131,1.032011309700941,13,52,Low Wind
4132,0.323330989363808,154,271,Low Wind
4133,0.43894901318177043,137,254,Low Wind
4134,0.45103119334994674,156,243,Low Wind
4135,6.673628470316908,139,346,Strong Wind
4136,3.559281013360843,339,6,Moderate Wind
4137,1.9655644907001013,431,20,Moderate Wind
4138,3.512378663519231,273,90,Moderate Wind
4139,2.13571414028366,29,129,Moderate Wind
4140,1.402583124820544,43,244,Low Wind
4141,1.7441289067057346,84,69,Moderate Wind
4142,5.991003238088697,33,328,Strong Wind
4143,4.470036273057769,271,188,Strong Wind
4144,5.88517691749706,323,262,Strong Wind
4145,1.892823091529047,419,28,Moderate Wind
4146,3.436449284337595,383,183,Moderate Wind
4147,0.5160215248027712,59,21,Low Wind
4148,2.0715924910718373,104,67,Moderate Wind
4149,0.4695325654096685,141,62,Low Wind
4150,0.9355821891290597,9,36,Low Wind
4151,4.35339627267731,361,178,Strong Wind
4152,3.6729444293853444,256,256,Moderate Wind
4153,2.4472830558519636,214,66,Moderate Wind
4154,0.8042211462018116,85,152,Low Wind
4155,0.59513004942015,197,241,Low Wind
4156,5.515152513501465,343,273,Strong Wind
4157,6.10519860943996,414,333,Strong Wind
4158,5.620186214304368,56,306,Strong Wind
4159,1.4888257790322348,230,159,Moderate Wind
4160,0.8104226845116298,203,254,Low Wind
4161,1.8672772346275814,391,71,Moderate Wind
4162,5.4174389146294,23,310,Strong Wind
4163,3.8425773730793717,265,80,Strong Wind
4164,2.566829466341629,238,196,Moderate Wind
4165,4.680805529211191,288,175,Strong Wind
4166,1.2899740384359513,443,133,Low Wind
4167,0.5222267724910575,172,5,Low Wind
4168,2.4416572804593164,54,194,Moderate Wind
4169,0.46535056520914203,177,112,Low Wind
4170,0.41802249217702864,170,232,Low Wind
4171,1.3180775647223484,427,64,Low Wind
4172,0.9330247623372304,181,207,Low Wind
4173,0.8933651220170101,193,139,Low Wind
4174,4.460809300265391,328,311,Strong Wind
4175,2.210306143709784,397,36,Moderate Wind
4176,1.050600846324632,228,323,Low Wind
4177,0.43518215811713923,186,36,Low Wind
4178,7.3674191729282175,24,351,Strong Wind
4179,1.176923105316642,141,290,Low Wind
4180,1.9055524368599093,221,176,Moderate Wind
4181,0.5222072863913495,132,4,Low Wind
4182,1.068584023071503,241,136,Low Wind
4183,6.085425331216458,391,353,Strong Wind
4184,4.374132113325827,324,36,Strong Wind
4185,4.347324958913,314,162,Strong Wind
4186,2.7416616668860136,379,23,Moderate Wind
4187,3.303342906769119,39,204,Moderate Wind
4188,5.529918906694881,321,244,Strong Wind
4189,6.128365434082586,326,257,Strong Wind
4190,5.30430065553592,397,266,Strong Wind
4191,1.0143285187965585,13,49,Low Wind
4192,5.476347078311312,332,337,Strong Wind
4193,0.6218247517102062,105,188,Low Wind
4194,1.0366018955168166,70,173,Low Wind
4195,0.6615474259641445,79,135,Low Wind
4196,4.70083014439492,15,293,Strong Wind
4197,4.298317573528683,144,333,Strong Wind
4198,1.2123468729951588,247,346,Low Wind
4199,3.4983566859046635,284,92,Moderate Wind
4200,3.292175032505838,283,101,Moderate Wind
4201,2.2367389756700913,250,124,Moderate Wind
4202,3.920781572158545,341,77,Strong Wind
4203,2.77819596699168,441,242,Moderate Wind
4204,5.246135293088892,295,216,Strong Wind
4205,1.4543845131511302,385,56,Moderate Wind
4206,0.6555430778005201,95,146,Low Wind
4207,0.49793794931721747,83,117,Low Wind
4208,0.4585583435302592,217,346,Low Wind
4209,0.3782267022522985,167,11,Low Wind
4210,0.7839954239788532,88,158,Low Wind
4211,4.636134006405339,232,23,Strong Wind
4212,0.5434935634436451,204,304,Low Wind
4213,5.4213309659378615,311,239,Strong Wind
4214,2.914912590077406,375,5,Moderate Wind
4215,1.7604719060315472,295,327,Moderate Wind
4216,3.0960547823981517,285,113,Moderate Wind
4217,0.4230326595612536,175,110,Low Wind
4218,5.304999809820997,314,335,Strong Wind
4219,0.9964629370435574,19,56,Low Wind
4220,5.296126708227382,348,275,Strong Wind
4221,4.199490875530983,330,40,Strong Wind
4222,1.3389487308140187,102,7,Low Wind
4223,2.6517113989309338,299,295,Moderate Wind
4224,0.44051460025259054,155,162,Low Wind
4225,3.48442361527328,372,99,Moderate Wind
4226,6.047183238774489,67,319,Strong Wind
4227,0.5998646538347979,433,184,Low Wind
4228,0.4343789861168079,166,229,Low Wind
4229,2.7442520067490186,380,24,Moderate Wind
4230,1.2584765382608183,247,319,Low Wind
4231,6.276853217623668,99,328,Strong Wind
4232,2.0161541040092397,229,186,Moderate Wind
4233,1.7198080295325207,57,65,Moderate Wind
4234,3.7550709350170144,87,306,Moderate Wind
4235,7.503704449491995,97,343,Strong Wind
4236,5.404978668744652,324,225,Strong Wind
4237,3.7054687787029095,18,260,Moderate Wind
4238,6.868565117200322,134,347,Strong Wind
4239,4.297134159770464,122,315,Strong Wind
4240,2.92115823220796,381,31,Moderate Wind
4241,0.8433617892144758,84,157,Low Wind
4242,0.8707755217498783,441,212,Low Wind
4243,4.640278998052337,267,225,Strong Wind
4244,1.0761876145980065,114,243,Low Wind
4245,0.721599648094763,201,211,Low Wind
4246,0.5736284552938252,182,82,Low Wind
4247,0.6757390501682207,433,186,Low Wind
4248,1.215659291037668,431,201,Low Wind
4249,0.7175752211624846,91,165,Low Wind
4250,5.420345686040628,345,211,Strong Wind
4251,2.6606737594630157,309,301,Moderate Wind
4252,3.45670201179998,294,98,Moderate Wind
4253,5.183641196571864,343,296,Strong Wind
4254,5.100303066160926,327,181,Strong Wind
4255,2.4751497256312702,112,289,Moderate Wind
4256,5.430919715696965,319,263,Strong Wind
4257,1.380019551213208,139,92,Low Wind
4258,4.652157491543651,282,180,Strong Wind
4259,5.411580619822461,324,197,Strong Wind
4260,2.8891057235511233,266,137,Moderate Wind
4261,3.4856735431020613,381,113,Moderate Wind
4262,1.0384693150140725,33,64,Low Wind
4263,0.9933365964834528,5,43,Low Wind
4264,2.993808263031616,391,154,Moderate Wind
4265,4.005945411481318,308,260,Strong Wind
4266,1.0502234444780933,235,332,Low Wind
4267,0.16359706923506892,167,39,Low Wind
4268,4.122316528276329,322,283,Strong Wind
4269,0.6137300793721205,144,185,Low Wind
4270,1.4783513132045818,252,341,Moderate Wind
4271,5.767010663850584,73,312,Strong Wind
4272,2.945246091309824,13,209,Moderate Wind
4273,2.06309506423147,252,130,Moderate Wind
4274,0.7161607713996642,86,172,Low Wind
4275,2.083054463515347,105,69,Moderate Wind
4276,4.050883685778061,356,156,Strong Wind
4277,0.5798761100583247,145,183,Low Wind
4278,2.2491124774288975,0,206,Moderate Wind
4279,1.5990325049708332,28,123,Moderate Wind
4280,6.287199397975658,374,350,Strong Wind
4281,3.3693804227336375,367,30,Moderate Wind
4282,4.460866425625513,27,187,Strong Wind
4283,0.7742123304097065,144,88,Low Wind
4284,0.4814254339277146,211,290,Low Wind
4285,1.5657172741868908,68,197,Moderate Wind
4286,3.4268852292943213,328,296,Moderate Wind
4287,1.138169778594102,236,280,Low Wind
4288,2.1730135526960646,89,81,Moderate Wind
4289,5.786914932856965,336,254,Strong Wind
4290,4.142153279876037,297,56,Strong Wind
4291,2.4947511568458802,255,201,Moderate Wind
4292,1.9938221726140772,421,116,Moderate Wind
4293,5.756123044052334,303,240,Strong Wind
4294,0.9790560082643651,9,45,Low Wind
4295,1.0572043082526728,222,269,Low Wind
4296,3.0272134926734258,374,290,Moderate Wind
4297,0.9827811885557272,216,156,Low Wind
4298,2.0791163608991123,237,163,Moderate Wind
4299,0.9812269560419057,78,183,Low Wind
4300,4.310778025160322,256,247,Strong Wind
4301,4.4840121541314035,350,170,Strong Wind
4302,5.725971045953243,358,236,Strong Wind
4303,2.8563367172862444,403,147,Moderate Wind
4304,0.957485536247485,170,202,Low Wind
4305,0.6778982726715281,194,73,Low Wind
4306,2.6201511285318726,238,212,Moderate Wind
4307,5.754049437946147,337,254,Strong Wind
4308,4.861364705000932,288,197,Strong Wind
4309,2.4127996152511884,211,58,Moderate Wind
4310,0.6468850456858815,154,216,Low Wind
4311,0.6508994509416596,184,286,Low Wind
4312,5.937899126624602,418,301,Strong Wind
4313,4.164174106424551,112,307,Strong Wind
4314,2.8771563623175656,44,179,Moderate Wind
4315,0.5818747163082261,66,99,Low Wind
4316,4.101786536549922,265,72,Strong Wind
4317,7.029790949133581,70,345,Strong Wind
4318,0.5944132652080242,170,270,Low Wind
4319,1.5308166440992874,438,100,Moderate Wind
4320,4.9976008213992555,288,212,Strong Wind
4321,0.835023759064667,130,28,Low Wind
4322,4.718603383099565,303,170,Strong Wind
4323,2.996552146797735,276,284,Moderate Wind
4324,0.7470062915791139,87,108,Low Wind
4325,0.9019091454828445,49,138,Low Wind
4326,5.230709622649326,7,301,Strong Wind
4327,2.1611150558062158,3,9,Moderate Wind
4328,1.1385072101171394,228,315,Low Wind
4329,1.3708369485371688,81,61,Low Wind
4330,4.884259362340306,416,248,Strong Wind
4331,2.438696577550586,164,336,Moderate Wind
4332,4.8975639775753095,276,217,Strong Wind
4333,5.975107173502822,443,334,Strong Wind
4334,1.0121428541479474,10,95,Low Wind
4335,5.548096503791927,323,269,Strong Wind
4336,4.1284316714195,304,155,Strong Wind
4337,2.0600577110640312,32,39,Moderate Wind
4338,0.7696637838915927,204,263,Low Wind
4339,0.6546095113097177,194,273,Low Wind
4340,0.5963895984857558,226,145,Low Wind
4341,3.688404285288991,242,83,Moderate Wind
4342,4.384233114757888,81,305,Strong Wind
4343,0.556447842739561,138,0,Low Wind
4344,4.644111417141128,328,171,Strong Wind
4345,1.2698961930389496,136,296,Low Wind
4346,2.0647524465057847,25,17,Moderate Wind
4347,3.6453407264178552,273,152,Moderate Wind
4348,4.748965654863003,229,12,Strong Wind
4349,4.414291179719163,273,259,Strong Wind
4350,4.570367790747622,373,318,Strong Wind
4351,3.410712069339108,384,184,Moderate Wind
4352,1.8030712169636578,376,299,Moderate Wind
4353,1.0262260954153384,123,117,Low Wind
4354,2.581216360285043,419,215,Moderate Wind
4355,1.446040940935384,438,35,Moderate Wind
4356,2.0192021499472794,422,25,Moderate Wind
4357,4.302849006858705,410,238,Strong Wind
4358,2.848936928359046,408,137,Moderate Wind
4359,0.6059282524711234,207,305,Low Wind
4360,2.030432377208146,30,40,Moderate Wind
4361,0.45755149204462386,165,84,Low Wind
4362,2.9445486750847185,47,228,Moderate Wind
4363,4.156562193992799,35,179,Strong Wind
4364,1.5165825830538975,424,80,Moderate Wind
4365,0.6208855625744071,135,59,Low Wind
4366,0.34328049336083505,156,73,Low Wind
4367,3.9524290081031883,323,124,Strong Wind
4368,0.4318500629453608,142,235,Low Wind
4369,5.388324564016605,417,254,Strong Wind
4370,4.075010432363114,267,215,Strong Wind
4371,5.076119815580275,356,206,Strong Wind
4372,4.270215871185367,235,39,Strong Wind
4373,3.990686394339931,131,321,Strong Wind
4374,1.8867792351499388,90,232,Moderate Wind
4375,3.112678388500737,388,174,Moderate Wind
4376,4.151632318571461,338,135,Strong Wind
4377,4.047264161857286,306,87,Strong Wind
4378,1.1895937956158837,133,290,Low Wind
4379,3.2954432468145716,284,278,Moderate Wind
4380,3.739521349343158,264,267,Moderate Wind
4381,2.2200480488264716,223,82,Moderate Wind
4382,1.9425954583117306,300,271,Moderate Wind
4383,1.3362188790873268,417,169,Low Wind
4384,1.2875994995893285,57,179,Low Wind
4385,5.407927105481971,313,196,Strong Wind
4386,0.8426302673675073,225,292,Low Wind
4387,3.5024555826765122,303,327,Moderate Wind
4388,6.46247355998867,53,321,Strong Wind
4389,0.6361731873967665,202,277,Low Wind
4390,1.1057822025761277,76,88,Low Wind
4391,5.979780231175458,427,354,Strong Wind
4392,0.9790596227738785,106,121,Low Wind
4393,2.526263360520291,388,97,Moderate Wind
4394,2.2571869458876113,411,2,Moderate Wind
4395,3.485839363809239,11,267,Moderate Wind
4396,0.44269520085445235,168,55,Low Wind
4397,4.825108084387709,280,7,Strong Wind
4398,5.246238009747872,347,193,Strong Wind
4399,3.8690657369072756,265,266,Strong Wind
4400,5.186590840110553,10,301,Strong Wind
4401,4.17645271664105,245,72,Strong Wind
4402,1.3768191305846391,83,93,Low Wind
4403,4.371062945044283,323,164,Strong Wind
4404,3.0419076297839145,243,223,Moderate Wind
4405,3.4408484928833696,7,267,Moderate Wind
4406,3.672833146252953,350,62,Moderate Wind
4407,3.839902807276528,260,260,Strong Wind
4408,4.142817510429436,382,214,Strong Wind
4409,1.1600302083872704,65,185,Low Wind
4410,5.94736758374226,86,323,Strong Wind
4411,3.572218496813494,67,281,Moderate Wind
4412,1.8248731627068018,159,329,Moderate Wind
4413,0.43333801704515623,164,94,Low Wind
4414,3.1817921410685117,84,294,Moderate Wind
4415,0.5893720238372296,203,310,Low Wind
4416,3.845323924038456,248,79,Strong Wind
4417,2.159363298733388,93,91,Moderate Wind
4418,3.7537418217900993,352,28,Moderate Wind
4419,2.711529718264271,258,149,Moderate Wind
4420,0.47008010354811874,132,167,Low Wind
4421,3.6866670539104507,232,68,Moderate Wind
4422,6.396397297486842,408,275,Strong Wind
4423,3.1918466033807618,37,209,Moderate Wind
4424,1.48452914658432,89,47,Moderate Wind
4425,0.5492117837285556,126,192,Low Wind
4426,3.858969474764017,18,253,Strong Wind
4427,0.35628646133116454,185,307,Low Wind
4428,4.207659591915578,326,146,Strong Wind
4429,1.5371252328125746,409,65,Moderate Wind
4430,2.786489869499004,81,236,Moderate Wind
4431,0.6310075720964535,116,169,Low Wind
4432,4.8053095354944455,278,13,Strong Wind
4433,3.466602451714049,298,132,Moderate Wind
4434,5.9665459514579675,443,333,Strong Wind
4435,5.685830272072598,424,258,Strong Wind
4436,0.44722532816961014,439,180,Low Wind
4437,4.593053678077925,290,1,Strong Wind
4438,1.9358368550222542,221,170,Moderate Wind
4439,2.382640142704332,28,157,Moderate Wind
4440,3.121880282311423,369,51,Moderate Wind
4441,1.2358356939055588,240,282,Low Wind
4442,0.9330652760377675,12,85,Low Wind
4443,4.632160562751872,28,184,Strong Wind
4444,1.9844406485825994,267,352,Moderate Wind
4445,2.0889062226580135,35,241,Moderate Wind
4446,3.5085478800964234,376,154,Moderate Wind
4447,4.377987714397399,242,33,Strong Wind
4448,0.6111404304857534,49,130,Low Wind
4449,3.840376665169767,293,87,Strong Wind
4450,5.393319620009371,308,199,Strong Wind
4451,0.6185299225783275,429,161,Low Wind
4452,0.4252453622586137,61,34,Low Wind
4453,4.557388392943329,305,39,Strong Wind
4454,2.4427253903223263,381,298,Moderate Wind
4455,2.8012783354144144,75,273,Moderate Wind
4456,4.627900622890419,286,174,Strong Wind
4457,5.9247533992325865,64,328,Strong Wind
4458,3.4720336912013785,55,217,Moderate Wind
4459,4.68298126419366,264,5,Strong Wind
4460,1.0832170093493185,187,344,Low Wind
4461,0.868334301983233,29,111,Low Wind
4462,0.5749870032509524,103,204,Low Wind
4463,0.7340523190996281,210,322,Low Wind
4464,7.146789661513896,73,345,Strong Wind
4465,2.886163130114277,236,231,Moderate Wind
4466,0.4477860900614881,225,137,Low Wind
4467,0.5702000032477248,183,83,Low Wind
4468,7.51526603686671,43,349,Strong Wind
4469,5.581044947993875,345,255,Strong Wind
4470,1.9330903383851834,132,303,Moderate Wind
4471,0.38906791129396434,206,334,Low Wind
4472,3.6012242686198395,262,162,Moderate Wind
4473,0.38929589590012875,131,152,Low Wind
4474,0.8140328007581996,63,8,Low Wind
4475,0.7306921273048657,139,24,Low Wind
4476,0.41460596281484835,122,226,Low Wind
4477,3.5495331578588307,30,171,Moderate Wind
4478,0.5250966570897719,80,118,Low Wind
4479,5.4723061766642624,325,212,Strong Wind
4480,0.9095274413730127,206,219,Low Wind
4481,2.3110598095771087,437,236,Moderate Wind
4482,0.3981624868961386,165,90,Low Wind
4483,3.6667897096396915,341,9,Moderate Wind
4484,3.9063307373564187,365,170,Strong Wind
4485,5.825353067116201,331,271,Strong Wind
4486,0.7165113381692189,176,255,Low Wind
4487,2.1689425958356945,290,266,Moderate Wind
4488,2.1499872287428534,98,96,Moderate Wind
4489,4.126096672805121,264,176,Strong Wind
4490,5.855321553603387,113,327,Strong Wind
4491,0.9646812402852204,139,125,Low Wind
4492,0.924033836282018,150,140,Low Wind
4493,4.979724338468944,291,195,Strong Wind
4494,3.935480529366109,257,179,Strong Wind
4495,2.6235035948984717,377,72,Moderate Wind
4496,0.9774473074951664,276,323,Low Wind
4497,1.0848504619602732,54,72,Low Wind
4498,6.132211078200544,37,330,Strong Wind
4499,2.960540465037316,381,93,Moderate Wind
4500,4.823187598305296,266,253,Strong Wind
4501,6.018149556689548,429,331,Strong Wind
4502,2.9501279967466543,269,282,Moderate Wind
4503,1.5995156225439096,4,154,Moderate Wind
4504,6.015161712569998,416,346,Strong Wind
4505,0.653330211916751,86,141,Low Wind
4506,0.3745591016809332,172,106,Low Wind
4507,4.515039562508683,292,39,Strong Wind
4508,0.9792869068807956,151,140,Low Wind
4509,3.4543254585430962,261,93,Moderate Wind
4510,0.6237107565596639,162,292,Low Wind
4511,5.781113921058513,80,322,Strong Wind
4512,2.48938576907936,404,159,Moderate Wind
4513,1.55783782868484,410,67,Moderate Wind
4514,2.4362178289645677,257,123,Moderate Wind
4515,7.350336577389778,72,347,Strong Wind
4516,1.3150261266013084,428,65,Low Wind
4517,1.2564401235141807,177,151,Low Wind
4518,1.723793618508249,219,84,Moderate Wind
4519,4.200507528708305,238,54,Strong Wind
4520,6.243609424099845,18,327,Strong Wind
4521,0.873600834848741,176,319,Low Wind
4522,4.292349624104327,302,160,Strong Wind
4523,2.7158596605122978,61,258,Moderate Wind
4524,5.879222952847923,145,342,Strong Wind
4525,7.709935717007698,3,354,Strong Wind
4526,1.7541773508598784,108,258,Moderate Wind
4527,1.2941058692170337,154,111,Low Wind
4528,4.887345918236638,291,26,Strong Wind
4529,0.7072674966044672,161,295,Low Wind
4530,6.20221261934894,397,346,Strong Wind
4531,5.217219596435322,282,244,Strong Wind
4532,5.43524865478395,346,212,Strong Wind
4533,4.3682149418005265,327,18,Strong Wind
4534,2.272539427818161,320,294,Moderate Wind
4535,2.3114775296679677,382,71,Moderate Wind
4536,2.113661783551379,8,150,Moderate Wind
4537,5.819543047412159,55,309,Strong Wind
4538,3.294729433288103,2,261,Moderate Wind
4539,5.648695132367866,332,248,Strong Wind
4540,0.5769077078548274,136,51,Low Wind
4541,2.4277069132685627,136,314,Moderate Wind
4542,3.1856679354395374,386,152,Moderate Wind
4543,3.401937184669311,116,301,Moderate Wind
4544,7.308472063410782,139,354,Strong Wind
4545,5.203236742643201,12,302,Strong Wind
4546,4.078064727794807,347,147,Strong Wind
4547,2.54406340689848,389,37,Moderate Wind
4548,4.434991752215144,245,25,Strong Wind
4549,1.6047100558040677,3,112,Moderate Wind
4550,5.087539903785243,50,298,Strong Wind
4551,3.2114710091805283,377,97,Moderate Wind
4552,1.4452416058405944,444,45,Moderate Wind
4553,1.8252780597396738,72,70,Moderate Wind
4554,0.5708114899178096,136,56,Low Wind
4555,3.9375378715689364,361,159,Strong Wind
4556,1.6827352894063938,90,97,Moderate Wind
4557,0.9049191584933943,183,5,Low Wind
4558,0.5109844882647501,174,296,Low Wind
4559,1.4354863800777127,161,138,Moderate Wind
4560,5.069271653792349,33,301,Strong Wind
4561,5.430600281166823,332,236,Strong Wind
4562,4.192099872911714,341,150,Strong Wind
4563,6.593296155592916,121,341,Strong Wind
4564,4.163649795865357,371,282,Strong Wind
4565,3.8885986429699724,336,87,Strong Wind
4566,0.8586501208859039,206,235,Low Wind
4567,0.8988263596848768,441,219,Low Wind
4568,4.740907457178633,23,295,Strong Wind
4569,1.688524943511052,424,31,Moderate Wind
4570,0.6064736965340856,187,52,Low Wind
4571,5.561406916853184,337,341,Strong Wind
4572,4.782343953207067,298,12,Strong Wind
4573,1.7603150576058328,207,64,Moderate Wind
4574,1.7657075967457383,107,105,Moderate Wind
4575,0.3906335663893624,167,233,Low Wind
4576,5.584955014210482,331,214,Strong Wind
4577,0.46183984936451417,155,160,Low Wind
4578,1.6344198380709145,64,55,Moderate Wind
4579,0.5781200815639856,139,41,Low Wind
4580,4.794006775141281,281,4,Strong Wind
4581,3.466478292520425,377,160,Moderate Wind
4582,4.398190323234375,383,314,Strong Wind
4583,5.880291488600928,336,257,Strong Wind
4584,3.7282122639924107,332,8,Moderate Wind
4585,5.0773391889894715,387,280,Strong Wind
4586,2.4820347550680126,400,187,Moderate Wind
4587,3.7676410770463233,349,80,Moderate Wind
4588,4.0802717720514385,263,190,Strong Wind
4589,0.7586921234062681,31,106,Low Wind
4590,3.708206128303406,368,286,Moderate Wind
4591,0.3871990717135471,154,234,Low Wind
4592,2.4368241851024743,248,160,Moderate Wind
4593,3.644145367635372,353,77,Moderate Wind
4594,1.8957360137092893,52,49,Moderate Wind
4595,1.0464103987760565,10,33,Low Wind
4596,3.17324695361825,363,65,Moderate Wind
4597,0.7115281217490781,93,160,Low Wind
4598,4.467868270104594,375,198,Strong Wind
4599,5.885596593306197,369,327,Strong Wind
4600,3.605352946255457,373,153,Moderate Wind
4601,1.4649377343683776,84,93,Moderate Wind
4602,4.769642782354481,301,31,Strong Wind
4603,2.615969994878942,285,264,Moderate Wind
4604,4.213707105770145,20,177,Strong Wind
4605,3.331667271989013,281,98,Moderate Wind
4606,3.3649820754174913,280,96,Moderate Wind
4607,1.321725340667825,140,93,Low Wind
4608,2.4427253903223263,381,298,Moderate Wind
4609,1.7982093050659103,39,157,Moderate Wind
4610,0.5862204443048458,198,238,Low Wind
4611,1.8732307863038067,117,59,Moderate Wind
4612,0.34698962917183596,169,50,Low Wind
4613,4.00892774235692,18,174,Strong Wind
4614,6.06978735217663,401,300,Strong Wind
4615,2.902058668567982,393,167,Moderate Wind
4616,1.1909957905603468,241,322,Low Wind
4617,1.1039549638133273,212,247,Low Wind
4618,3.2036227004374096,37,210,Moderate Wind
4619,1.162110945515604,148,305,Low Wind
4620,3.752709996504344,298,92,Moderate Wind
4621,1.4801039941281595,439,99,Moderate Wind
4622,2.184386925857767,45,234,Moderate Wind
4623,0.7503115184034428,84,14,Low Wind
4624,4.119294569974333,346,121,Strong Wind
4625,4.97813567529306,270,236,Strong Wind
4626,1.9749956941067592,419,116,Moderate Wind
4627,3.8685986317016985,315,274,Strong Wind
4628,1.9799406936043062,54,187,Moderate Wind
4629,3.7310119282540186,373,145,Moderate Wind
4630,0.9132084515994404,28,104,Low Wind
4631,0.3422263567443771,188,309,Low Wind
4632,5.520829926134285,286,225,Strong Wind
4633,1.4418112554748754,33,17,Moderate Wind
4634,1.8545185534178876,67,65,Moderate Wind
4635,4.889646980528164,322,354,Strong Wind
4636,5.21064213960031,371,227,Strong Wind
4637,3.247063442879823,401,220,Moderate Wind
4638,3.1234214409266325,22,200,Moderate Wind
4639,3.920434264824068,305,142,Strong Wind
4640,4.482553681099902,272,41,Strong Wind
4641,4.749691506356979,292,31,Strong Wind
4642,5.110953876445126,16,301,Strong Wind
4643,0.5329939890409499,80,111,Low Wind
4644,0.37192785371834786,135,239,Low Wind
4645,3.823253060119709,346,61,Strong Wind
4646,0.6553301619616936,176,9,Low Wind
4647,6.718047905154524,45,338,Strong Wind
4648,6.259982790742116,407,291,Strong Wind
4649,0.5963073042597561,126,181,Low Wind
4650,0.9414308608890352,182,158,Low Wind
4651,4.119157748722249,354,123,Strong Wind
4652,2.42477231027709,124,80,Moderate Wind
4653,4.094356738450666,122,313,Strong Wind
4654,1.594065691916179,212,172,Moderate Wind
4655,0.8901771344237243,160,300,Low Wind
4656,3.9519510964548896,165,344,Strong Wind
4657,3.9324447455957294,327,117,Strong Wind
4658,4.143931868226727,298,56,Strong Wind
4659,0.9683988545394102,82,186,Low Wind
4660,0.5531606451334585,123,195,Low Wind
4661,0.7089263921776837,150,201,Low Wind
4662,4.464957416589924,275,42,Strong Wind
4663,1.9316893464461924,102,102,Moderate Wind
4664,4.814154615606529,430,250,Strong Wind
4665,0.3306919885724832,132,145,Low Wind
4666,1.9306344613370703,26,1,Moderate Wind
4667,1.9437967374568532,27,20,Moderate Wind
4668,1.0909439294193413,62,171,Low Wind
4669,2.7820174792014645,30,165,Moderate Wind
4670,2.1284885671231417,220,231,Moderate Wind
4671,1.6887085567811886,49,247,Moderate Wind
4672,3.520400844139495,220,30,Moderate Wind
4673,0.5947080137612776,131,192,Low Wind
4674,5.099261564225427,286,246,Strong Wind
4675,5.440927380059834,327,333,Strong Wind
4676,3.851545338746316,385,204,Strong Wind
4677,6.180652854673042,424,267,Strong Wind
4678,1.5955268769387823,438,128,Moderate Wind
4679,2.6525868637696663,398,166,Moderate Wind
4680,6.037275868062659,429,350,Strong Wind
4681,1.5527591625404895,43,253,Moderate Wind
4682,3.095099672947668,8,131,Moderate Wind
4683,0.6593530747895551,191,70,Low Wind
4684,6.277278599642175,381,349,Strong Wind
4685,0.5081577249446956,196,106,Low Wind
4686,2.4375186712238146,246,119,Moderate Wind
4687,4.099081192651747,315,138,Strong Wind
4688,6.650798361452377,31,340,Strong Wind
4689,1.839224730647168,151,324,Moderate Wind
4690,5.959060370462802,3,319,Strong Wind
4691,3.525163919510728,239,86,Moderate Wind
4692,2.727070237110709,139,320,Moderate Wind
4693,4.519475006393281,274,38,Strong Wind
4694,2.786369858041794,18,128,Moderate Wind
4695,0.879868447095487,441,206,Low Wind
4696,0.42213062276449703,150,257,Low Wind
4697,1.9570877928777575,407,75,Moderate Wind
4698,0.6426797366964638,175,249,Low Wind
4699,1.276308693708402,250,317,Low Wind
4700,1.9334106426915276,37,143,Moderate Wind
4701,0.7673057527401435,205,149,Low Wind
4702,2.507670580699046,213,46,Moderate Wind
4703,4.955858443339805,352,282,Strong Wind
4704,5.430942488194912,333,198,Strong Wind
4705,3.7033155570974854,302,136,Moderate Wind
4706,5.171344016908989,354,211,Strong Wind
4707,4.992548390812738,297,19,Strong Wind
4708,4.010543322079037,259,181,Strong Wind
4709,1.044492980663452,3,85,Low Wind
4710,3.6101192624538867,10,253,Moderate Wind
4711,3.2282371825108895,69,251,Moderate Wind
4712,1.5277518602200524,254,340,Moderate Wind
4713,0.5844692156175834,78,106,Low Wind
4714,2.92434622494474,378,4,Moderate Wind
4715,0.6328794112235155,55,134,Low Wind
4716,1.2284568130075757,143,304,Low Wind
4717,1.2146557995754685,254,323,Low Wind
4718,7.393620732186148,18,352,Strong Wind
4719,2.166844668515751,423,141,Moderate Wind
4720,2.029528396287621,22,29,Moderate Wind
4721,0.7303361766363335,182,281,Low Wind
4722,6.048625758681583,49,316,Strong Wind
4723,2.4015021131240877,258,131,Moderate Wind
4724,0.6893485003972478,97,151,Low Wind
4725,1.0472556661081707,429,189,Low Wind
4726,0.33375629234689647,154,269,Low Wind
4727,0.6839141548609555,197,210,Low Wind
4728,3.768223890580253,256,81,Moderate Wind
4729,1.8642159507735956,41,56,Moderate Wind
4730,3.91827619481725,371,135,Strong Wind
4731,3.853599920011054,228,49,Strong Wind
4732,1.5374105204232456,421,56,Moderate Wind
4733,1.0237525478591407,12,62,Low Wind
4734,4.339203408219123,414,238,Strong Wind
4735,2.572179019068589,270,286,Moderate Wind
4736,4.312722708707125,270,60,Strong Wind
4737,0.3721828358070034,182,103,Low Wind
4738,1.244555630038828,283,297,Low Wind
4739,0.7599635528589244,86,166,Low Wind
4740,6.127711443565862,66,316,Strong Wind
4741,0.9637951206050475,19,88,Low Wind
4742,4.413742375110644,326,19,Strong Wind
4743,2.8832940230980286,395,194,Moderate Wind
4744,0.6555126022046044,95,170,Low Wind
4745,0.8115615902999493,442,198,Low Wind
4746,4.200913711792245,281,255,Strong Wind
4747,1.5885820069926189,441,69,Moderate Wind
4748,3.8905442508520944,320,99,Strong Wind
4749,3.669419544757034,224,54,Moderate Wind
4750,4.13669840701575,303,67,Strong Wind
4751,3.992969854337025,228,43,Strong Wind
4752,4.56302425817506,356,178,Strong Wind
4753,1.2202548971375158,145,120,Low Wind
4754,0.6786943912639914,188,59,Low Wind
4755,1.6958866287584147,104,108,Moderate Wind
4756,4.957882492813235,392,246,Strong Wind
4757,3.4399844388853182,307,108,Moderate Wind
4758,2.9934373430848766,273,132,Moderate Wind
4759,6.315312921916368,378,335,Strong Wind
4760,3.373209420082229,356,12,Moderate Wind
4761,6.071386709825113,98,325,Strong Wind
4762,1.233389262662932,247,323,Low Wind
4763,4.931828617130837,53,294,Strong Wind
4764,4.358997859888808,384,287,Strong Wind
4765,1.1946865362008945,232,307,Low Wind
4766,1.355581335871324,393,64,Low Wind
4767,8.084325840534195,84,351,Strong Wind
4768,3.0683924375764855,393,143,Moderate Wind
4769,5.350401926836699,47,305,Strong Wind
4770,2.6977034172314007,379,78,Moderate Wind
4771,1.2114664443065353,129,288,Low Wind
4772,3.414609961527674,40,211,Moderate Wind
4773,1.2911199008352225,29,55,Low Wind
4774,4.10349162787328,341,25,Strong Wind
4775,3.2511470976107972,68,250,Moderate Wind
4776,0.4069182049765107,190,119,Low Wind
4777,4.452347615982206,328,23,Strong Wind
4778,2.13289419240142,139,315,Moderate Wind
4779,0.5451030359800967,144,52,Low Wind
4780,2.8197103984114698,239,105,Moderate Wind
4781,2.1815065843489636,418,122,Moderate Wind
4782,0.6068327126528392,135,207,Low Wind
4783,5.931957592876765,64,333,Strong Wind
4784,1.5876657598926487,248,275,Moderate Wind
4785,6.336424032959003,400,335,Strong Wind
4786,0.7430096289028272,426,162,Low Wind
4787,4.637212742443958,42,292,Strong Wind
4788,3.0390037920470547,67,225,Moderate Wind
4789,5.525449852842287,344,270,Strong Wind
4790,1.597355331770307,443,73,Moderate Wind
4791,4.191427182752222,316,156,Strong Wind
4792,0.7828709744367989,231,147,Low Wind
4793,1.6793867355924106,60,192,Moderate Wind
4794,1.8685663192018223,438,10,Moderate Wind
4795,1.2058044804786392,86,197,Low Wind
4796,3.3644339075778076,278,279,Moderate Wind
4797,0.4902894154011676,62,110,Low Wind
4798,1.7778530096113647,424,146,Moderate Wind
4799,3.0930735899322226,232,89,Moderate Wind
4800,6.086659899659351,340,228,Strong Wind
4801,0.42397869591641935,128,133,Low Wind
4802,5.6308595143029665,10,312,Strong Wind
4803,2.10504794690995,430,225,Moderate Wind
4804,3.405796566742433,42,206,Moderate Wind
4805,0.8862083462220304,58,160,Low Wind
4806,0.9680531313579919,213,188,Low Wind
4807,1.5328204314929048,92,225,Moderate Wind
4808,3.7964947060634167,417,227,Strong Wind
4809,1.1513967516092323,141,288,Low Wind
4810,7.199894045885092,130,352,Strong Wind
4811,3.060150432964986,261,212,Moderate Wind
4812,2.2541415199409816,22,9,Moderate Wind
4813,4.521507529053751,282,172,Strong Wind
4814,0.3627295093548004,124,218,Low Wind
4815,1.8280926201007055,246,264,Moderate Wind
4816,0.4929585254468087,153,249,Low Wind
4817,0.965612326603341,7,74,Low Wind
4818,0.35694470829607583,151,268,Low Wind
4819,0.26804672843820704,178,30,Low Wind
4820,7.372543412056996,57,349,Strong Wind
4821,1.2929163240949697,224,247,Low Wind
4822,4.7475180559056716,235,14,Strong Wind
4823,3.802514567714118,380,313,Strong Wind
4824,1.0161665652432978,217,188,Low Wind
4825,4.880857016792692,284,248,Strong Wind
4826,3.7809610922605903,304,328,Strong Wind
4827,1.89216322646947,5,116,Moderate Wind
4828,2.9925942281496094,237,179,Moderate Wind
4829,1.239981171886809,16,110,Low Wind
4830,1.4563310870545623,37,28,Moderate Wind
4831,5.282447350657069,320,319,Strong Wind
4832,1.2382470108966508,260,310,Low Wind
4833,0.6390523269279167,205,315,Low Wind
4834,5.396654166161504,336,193,Strong Wind
4835,5.428999111225556,336,205,Strong Wind
4836,0.5385056354253384,162,96,Low Wind
4837,1.9656772307700021,415,80,Moderate Wind
4838,5.357792858785772,388,316,Strong Wind
4839,2.6947780871964007,87,244,Moderate Wind
4840,0.866146639838563,216,191,Low Wind
4841,5.760315672248782,37,321,Strong Wind
4842,2.966150493886156,31,220,Moderate Wind
4843,3.069841678339442,372,26,Moderate Wind
4844,1.767192062965328,127,295,Moderate Wind
4845,0.3082350783870137,172,92,Low Wind
4846,2.8002079722612474,227,228,Moderate Wind
4847,0.4504813092090289,166,99,Low Wind
4848,5.406107025112845,310,196,Strong Wind
4849,3.4280318253409985,308,110,Moderate Wind
4850,3.7890573836266204,324,8,Strong Wind
4851,3.6471669203677943,370,164,Moderate Wind
4852,1.9523849343893784,49,178,Moderate Wind
4853,0.5953867480151152,144,82,Low Wind
4854,5.12819346284798,386,316,Strong Wind
4855,4.007369075321685,335,76,Strong Wind
4856,0.6550583439355054,440,144,Low Wind
4857,3.0408089799136873,380,96,Moderate Wind
4858,1.8922341140845618,443,117,Moderate Wind
4859,3.331187956787217,19,167,Moderate Wind
4860,1.2779014778615403,212,234,Low Wind
4861,3.7060640540102407,254,83,Moderate Wind
4862,1.8438696663665326,19,30,Moderate Wind
4863,4.938005063340301,274,250,Strong Wind
4864,3.220182799082889,11,204,Moderate Wind
4865,1.8192475810695987,26,42,Moderate Wind
4866,0.3431551914167697,122,218,Low Wind
4867,4.423196567813082,273,176,Strong Wind
4868,7.364328578007321,89,341,Strong Wind
4869,3.6172321435527555,34,174,Moderate Wind
4870,1.2126610262897826,158,117,Low Wind
4871,0.5230098519435461,199,231,Low Wind
4872,0.5207615079188965,145,54,Low Wind
4873,3.99177370313016,348,137,Strong Wind
4874,3.0613391448946503,377,32,Moderate Wind
4875,1.93811583668519,225,206,Moderate Wind
4876,4.383842780625872,242,53,Strong Wind
4877,1.8671138364663105,431,105,Moderate Wind
4878,0.7759176231939889,202,153,Low Wind
4879,4.555172745368521,233,27,Strong Wind
4880,1.2134948574452293,266,331,Low Wind
4881,1.1602794393643832,21,50,Low Wind
4882,0.6002256018969436,209,108,Low Wind
4883,5.084095496731794,378,230,Strong Wind
4884,3.521337183409064,23,169,Moderate Wind
4885,5.684815010049747,113,325,Strong Wind
4886,5.158304005667817,307,181,Strong Wind
4887,4.071587192838555,406,233,Strong Wind
4888,1.1307325328332494,166,146,Low Wind
4889,0.6075430901323122,121,127,Low Wind
4890,0.6755983675712522,187,62,Low Wind
4891,3.2652625963083666,294,285,Moderate Wind
4892,5.609460246281152,339,340,Strong Wind
4893,4.102658770380579,335,68,Strong Wind
4894,6.961239896758505,108,341,Strong Wind
4895,5.4312467170612395,339,354,Strong Wind
4896,4.473107105697278,368,187,Strong Wind
4897,1.058005391047601,226,115,Low Wind
4898,5.80590868391276,291,238,Strong Wind
4899,0.44073424029289915,222,346,Low Wind
4900,3.0031049064754103,402,128,Moderate Wind
4901,5.3912382578005165,320,221,Strong Wind
4902,4.163560717552464,35,193,Strong Wind
4903,1.5446159750837858,411,67,Moderate Wind
4904,3.96893297000689,359,303,Strong Wind
4905,0.8462601221467545,29,106,Low Wind
4906,0.6917183612471061,76,133,Low Wind
4907,3.5607335049157696,342,7,Moderate Wind
4908,2.317431613535325,420,126,Moderate Wind
4909,2.48637724386926,400,188,Moderate Wind
4910,3.820647199031208,42,193,Strong Wind
4911,1.1368584427293809,260,324,Low Wind
4912,2.0018154312450407,36,239,Moderate Wind
4913,4.02539729079817,251,233,Strong Wind
4914,5.82784330639672,437,320,Strong Wind
4915,0.6092726166289025,135,259,Low Wind
4916,5.210719945959053,417,252,Strong Wind
4917,1.604413997474207,218,165,Moderate Wind
4918,2.361702936284566,376,308,Moderate Wind
4919,6.173113548399897,406,345,Strong Wind
4920,0.6442451780115789,80,135,Low Wind
4921,0.9169232998964447,185,201,Low Wind
4922,3.9768918034217027,323,309,Strong Wind
4923,6.865072939606189,116,354,Strong Wind
4924,5.848631115136841,373,326,Strong Wind
4925,2.037928730353821,25,7,Moderate Wind
4926,0.8664072029249098,206,225,Low Wind
4927,3.543051378106002,16,269,Moderate Wind
4928,6.0120383693117105,437,268,Strong Wind
4929,1.5976465229230978,441,66,Moderate Wind
4930,4.042372130512657,317,86,Strong Wind
4931,3.706115495298818,254,187,Moderate Wind
4932,1.1726398746220257,196,352,Low Wind
4933,0.8099651528226167,213,194,Low Wind
4934,0.5912484690541734,226,124,Low Wind
4935,6.832182080393375,117,350,Strong Wind
4936,1.5461534833726551,220,206,Moderate Wind
4937,1.5240625251598596,52,177,Moderate Wind
4938,0.4888580525980284,154,88,Low Wind
4939,3.604780924050963,26,268,Moderate Wind
4940,0.5286302669256524,140,56,Low Wind
4941,6.470117894858373,52,322,Strong Wind
4942,1.76297011190761,6,154,Moderate Wind
4943,1.6615319479487958,407,103,Moderate Wind
4944,5.312767269268431,383,250,Strong Wind
4945,3.521336586902921,249,226,Moderate Wind
4946,1.9273498776220077,133,93,Moderate Wind
4947,2.440939690043144,407,203,Moderate Wind
4948,2.3817367528013165,65,205,Moderate Wind
4949,5.089717894604462,296,186,Strong Wind
4950,0.6557156093826464,105,216,Low Wind
4951,0.9214453114800338,222,326,Low Wind
4952,1.367142101369363,236,267,Low Wind
4953,0.9176085496829205,192,191,Low Wind
4954,1.9970383832696184,245,156,Moderate Wind
4955,2.805507695313242,385,6,Moderate Wind
4956,0.8742230867924509,199,70,Low Wind
4957,0.6645905867662542,425,173,Low Wind
4958,2.8809760545611165,36,226,Moderate Wind
4959,0.34639231130811454,176,107,Low Wind
4960,3.9694181633300913,263,192,Strong Wind
4961,5.500454634205848,331,211,Strong Wind
4962,0.49652219186047636,215,338,Low Wind
4963,1.070213026154132,127,115,Low Wind
4964,0.7864734187312985,50,81,Low Wind
4965,0.6531935817947381,186,24,Low Wind
4966,5.456723355916263,371,234,Strong Wind
4967,0.5702568945898618,138,217,Low Wind
4968,5.39612544947617,338,283,Strong Wind
4969,4.095439319391222,288,73,Strong Wind
4970,1.1933416483241224,171,325,Low Wind
4971,1.2961252304828843,247,310,Low Wind
4972,1.9244604659658584,428,107,Moderate Wind
4973,4.379415621163856,270,52,Strong Wind
4974,4.404709646894047,359,177,Strong Wind
4975,1.1099456140374822,52,39,Low Wind
4976,2.0497937127517645,425,139,Moderate Wind
4977,1.409925279411081,157,123,Low Wind
4978,5.070584520958319,71,301,Strong Wind
4979,5.718555946129875,435,299,Strong Wind
4980,1.2397009946815791,226,252,Low Wind
4981,3.0108968545686947,391,168,Moderate Wind
4982,1.7512513550628115,265,342,Moderate Wind
4983,3.168537609468432,241,175,Moderate Wind
4984,1.8575145685422074,104,249,Moderate Wind
4985,2.7484725881686747,248,111,Moderate Wind
4986,5.849447708237028,334,229,Strong Wind
4987,0.41475691053640545,141,169,Low Wind
4988,0.6886266597782873,198,258,Low Wind
4989,5.526618859532678,366,263,Strong Wind
4990,4.825108084387709,280,7,Strong Wind
4991,4.194551125355839,110,307,Strong Wind
4992,7.051048198319674,124,352,Strong Wind
4993,5.736042735141291,310,243,Strong Wind
4994,1.724919957409934,43,59,Moderate Wind
4995,4.154762254802944,351,119,Strong Wind
4996,2.3345464444410635,423,133,Moderate Wind
4997,2.055411620424917,396,95,Moderate Wind
4998,4.204739966398149,321,62,Strong Wind
4999,4.161254058970814,300,80,Strong Wind
